"id","org_name","jursdiction","title","type","collection","date_created","date_modified"
"6755f53b-e52e-4be5-9c22-1a28d10d2e2e","phac-aspc","federal","Animals and COVID-19","info","publication","2020-08-04T17:40:47.243425","2020-08-04T17:40:47.243425"
"71a277e7-87b4-4979-8d11-dbe4ab476554","phac-aspc","federal","Parenting during COVID-19","info","publication","2020-11-04T18:41:04.543924","2020-11-04T18:41:04.543924"
"a7bd7e64-d3d8-459a-8906-c4c9c8c704dd","phac-aspc","federal","COVID-19 and ibuprofen","info","publication","2020-04-28T12:51:08.411089","2020-04-28T12:51:08.411089"
"d2b89baa-2d17-4233-a8ba-67083f3b4059","phac-aspc","federal","Testing for COVID-19","info","publication","2020-10-07T17:52:07.535179","2020-10-07T17:52:07.535179"
"92852b06-afb7-488d-a17c-16ea4c7b0f0f","phac-aspc","federal","Understanding COVID-19 testing","info","publication","2020-10-22T18:31:58.563409","2020-10-22T18:31:58.563409"
"25bf270d-b108-4daf-b82a-59f59964b45d","cmhc-schl","federal","Coronavirus (COVID-19) Updates","info","publication","2020-06-02T15:31:10.733578","2020-06-02T15:31:10.733578"
"2229b958-1571-4aa4-a6ac-613af6329fdd","phac-aspc","federal","About coronavirus disease (COVID-19)","info","publication","2020-03-09T17:50:57.074895","2020-03-09T17:50:57.074895"
"42e236d8-1661-442d-96d7-4175fb2f96ca","phac-aspc","federal","COVID-19: Cleaning and disinfecting","info","publication","2020-10-01T13:11:28.361080","2020-10-01T13:11:28.361080"
"3aa1e211-dc38-4d26-bfc3-054f24802421","phac-aspc","federal","Entering Canada during COVID-19","info","publication","2021-01-06T17:31:00.318972","2021-01-06T17:31:00.318972"
"b4d63160-d210-4b60-afec-f5e740023cdf","phac-aspc","federal","Entering Canada during COVID-19","info","publication","2020-11-25T16:41:02.086260","2020-11-25T16:41:02.086260"
"f659d98a-4945-4ace-9c3f-35226d4a8037","phac-aspc","federal","Mathematical modelling and COVID-19","info","publication","2020-06-05T18:00:49.977410","2020-06-05T18:00:49.977410"
"2af1a7f4-431e-41c7-8c67-fe2348ccf031","dfatd-maecd","federal","COVID-19 Emergency Loan Program","dataset","primary","2020-12-23T19:22:49.226422","2020-12-23T19:22:49.226422"
"77aad0ec-2ca7-4e9f-baba-2ddb3030ca7a","phac-aspc","federal","Be prepared (COVID-19): Infographic","info","publication","2020-03-09T17:50:50.333371","2020-03-09T17:50:50.333371"
"2b29eda0-c4dd-46de-adcb-e169914bfe9c","phac-aspc","federal","2019 Novel Coronavirus (COVID-19)","info","publication","2020-02-11T14:30:30.980272","2020-02-11T14:30:30.980272"
"b92ac53f-0491-4594-800e-28a4a3bf11d2","csec-cstc","federal","Cyber Hygiene for COVID-19","info","publication","2020-12-23T18:53:10.642544","2020-12-23T18:53:10.642544"
"eb4bd638-6e7d-454d-be7c-d5c8b2ae1c88","phac-aspc","federal","COVID-19: Improving indoor ventilation","info","publication","2021-02-15T19:40:56.780656","2021-02-15T19:40:56.780656"
"b8936825-8176-41d0-bddc-952bddb8a1e4","dfo-mpo","federal","COVID-19 Fisheries and Oceans","info","parliament_committee","2020-08-24T13:50:46.980858","2020-08-24T13:50:46.980858"
"b2a6143f-0f90-4ba4-bf56-7cadf0114c4c","dfo-mpo","federal","COVID-19 Fisheries and Oceans","info","parliament_committee","2020-08-24T13:50:44.181624","2020-08-24T13:50:44.181624"
"5ebac5ec-03bd-46f1-895e-1ac2645edfd7","dfo-mpo","federal","COVID-19 Fisheries and Oceans","info","parliament_committee","2020-08-24T13:50:41.360322","2020-08-24T13:50:41.360322"
"6e4c047c-5c5a-4518-9129-7f1f39b88902","dfo-mpo","federal","COVID-19 Fisheries and Oceans","info","parliament_committee","2020-08-24T13:50:38.553714","2020-08-24T13:50:38.553714"
"83df4f89-45da-4c25-b12a-1bfbae29fadc","phac-aspc","federal","Vulnerable populations and COVID-19","info","publication","2020-05-05T12:30:56.247186","2020-05-05T12:30:56.247186"
"a3d22193-524c-4813-90db-ec3b360efa89","phac-aspc","federal","About coronavirus disease (COVID-19)","info","publication","2020-08-04T17:41:08.232105","2020-08-04T17:41:08.232105"
"cf342e32-9899-45f1-843b-9690970ca108","cfia-acia","federal","CFIA information on COVID-19","info","publication","2020-05-04T19:00:37.048090","2020-05-04T19:00:37.048090"
"13466df6-4cf4-49ac-a7b1-a3e5143720b5","phac-aspc","federal","Coronavirus disease (COVID-19): Measures to reduce COVID-19 in your community","info","publication","2020-08-04T17:40:56.530605","2020-08-04T17:40:56.530605"
"8ee48eaf-408c-436f-a37e-4f74701d2447","phac-aspc","federal","Coronavirus disease (COVID-19): Locations where you may have been exposed to COVID-19","info","publication","2020-07-27T11:20:24.245454","2020-07-27T11:20:24.245454"
"f3fc6d58-06f0-4320-b998-3fb96056bd4e","hc-sc","federal","Hard-surface disinfectants and hand sanitizers (COVID-19): List of disinfectants for use against COVID-19","info","publication","2020-05-12T13:30:55.737619","2020-05-12T13:30:55.737619"
"b34162e0-38b9-4cc6-8e2e-2a4a6110f136","pwgsc-tpsgc","federal","Special committee on the COVID‑19 pandemic ","info","parliament_committee","2020-08-28T13:00:41.432508","2020-08-28T13:00:41.432508"
"cc3b6ebd-eb3a-45b4-8ecd-213203e0d941","phac-aspc","federal","Help reduce the spread of COVID-19","info","publication","2020-05-12T18:50:56.545713","2020-05-12T18:50:56.545713"
"dcc72d22-4034-4133-84fd-668dcf840a5e","phac-aspc","federal","Be prepared for COVID-19 (factsheet)","info","publication","2020-08-04T17:41:11.215888","2020-08-04T17:41:11.215888"
"145ddabe-5e3b-4bce-b7e8-8ff2aa0748b4","phac-aspc","federal","Provincial and territorial resources for COVID-19","info","publication","2020-06-18T19:02:14.977787","2020-06-18T19:02:14.977787"
"55796e3e-18f3-4c15-9bb4-37a78aecc256","phac-aspc","federal","Coronavirus disease (COVID-19): Canada’s response","info","publication","2020-05-13T15:30:53.094497","2020-05-13T15:30:53.094497"
"7276bf40-15a2-4688-917e-254b3faa4dbc","hc-sc","federal","Coronavirus disease (COVID-19) and food safety","info","publication","2020-04-28T12:50:40.768485","2020-04-28T12:50:40.768485"
"28dd52e1-5fad-4fbd-8276-022ee1d01f2e","phac-aspc","federal","COVID-19: Testing and reducing stigma","info","publication","2020-07-07T17:21:41.782587","2020-07-07T17:21:41.782587"
"5b180ead-5f76-45b8-b5e4-1eff4cbef777","phac-aspc","federal","Coronavirus disease (COVID-19): Symptoms and treatment","info","publication","2020-08-04T17:40:50.332584","2020-08-04T17:40:50.332584"
"d2e5ba45-9c3b-4899-9d65-4f39049d8370","phac-aspc","federal","Coronavirus disease (COVID-19) vaccines: Overview","info","publication","2021-02-15T19:40:48.699458","2021-02-15T19:40:48.699458"
"7005c4ca-a541-4a30-a22a-40c4942ba9bd","phac-aspc","federal","Coronavirus disease (COVID-19) vaccines: Overview","info","publication","2021-01-25T17:00:51.840113","2021-01-25T17:00:51.840113"
"a4770dbb-2b0b-4887-be26-c45e04fcfc93","phac-aspc","federal","COVID-19: Support to provinces and territories","info","publication","2021-01-06T17:30:56.992213","2021-01-06T17:30:56.992213"
"28337ee5-126b-443b-b2bd-35c236ece411","phac-aspc","federal","COVID-19 in Canada: Modelling update","info","publication","2020-08-04T17:41:16.795248","2020-08-04T17:41:16.795248"
"9054247c-5eab-4cfa-81da-7c4d218dff54","phac-aspc","federal","Be prepared for COVID-19 (infographic)","info","publication","2020-08-04T17:41:14.050264","2020-08-04T17:41:14.050264"
"8bef101a-0566-4484-bbea-f901bcad0d4c","phac-aspc","federal","COVID-19 resources for youth and students","info","publication","2020-08-04T17:41:05.367526","2020-08-04T17:41:05.367526"
"4d73b440-4035-4b90-8ce5-b8525510baf2","phac-aspc","federal","COVID-19 resources for youth and students","info","publication","2020-06-29T18:20:41.206808","2020-06-29T18:20:41.206808"
"252d4337-3b9b-4a91-b22d-14c7f619b5d5","hc-sc","federal","Ventilators for patients with COVID-19","info","publication","2020-05-07T18:40:36.801434","2020-05-07T18:40:36.801434"
"5f3f975f-4144-4d86-ae11-1098b4d55a57","phac-aspc","federal","Coronavirus (COVID-19) and Indigenous communities","info","publication","2020-04-28T12:50:52.763386","2020-04-28T12:50:52.763386"
"016a89d5-f91e-4ea6-a8bc-192105d102c4","phac-aspc","federal","COVID-19: How vaccines are developed ","info","publication","2021-01-29T17:21:02.943262","2021-01-29T17:21:02.943262"
"b7aab30a-b506-4f18-8c11-5f3d61b89cbb","phac-aspc","federal","Coronavirus disease (COVID-19): Summary of assumptions","info","publication","2020-05-13T15:31:01.822603","2020-05-13T15:31:01.822603"
"e192c41d-aabe-4c88-a8d4-f59a8d4d3154","pwgsc-tpsgc","federal","Special Committee on the COVID-19 Pandemic","info","parliament_committee","2020-09-08T18:20:43.611070","2020-09-08T18:20:43.611070"
"7edd429d-1297-41db-95e4-03cee63fe7e1","hc-sc","federal","Good Manufacturing Practices and COVID-19","info","publication","2020-08-28T13:01:15.866282","2020-08-28T13:01:15.866282"
"046b22ce-63e3-4c5d-9758-fe357105205a","hc-sc","federal","Vaccines and treatments for COVID-19","info","publication","2020-04-23T17:50:29.737937","2020-04-23T17:50:29.737937"
"94288d46-8924-4e87-8362-90c908c26bac","phac-aspc","federal","COVID-19 resources for parents and children","info","publication","2020-06-29T18:20:37.217031","2020-06-29T18:20:37.217031"
"1cda0333-fdc0-4c9e-b479-d6838145583d","hc-sc","federal","Engaging with international partners on COVID-19","info","publication","2020-05-05T12:31:02.941346","2020-05-05T12:31:02.941346"
"5ffec1de-2111-4c1f-8dca-d4db28618fec","phac-aspc","federal","COVID 19: How you can help","info","publication","2020-08-04T17:40:35.092966","2020-08-04T17:40:35.092966"
"1f101506-558a-4d5c-9e20-afc6a3a1fa2e","phac-aspc","federal","Going out safely during COVID-19","info","publication","2020-10-01T13:51:29.373553","2020-10-01T13:51:29.373553"
"b2ba73ab-b3ce-413a-b238-3fccae73ab05","phac-aspc","federal","Coronavirus disease (COVID-19): Prevention and risks","info","publication","2020-08-04T17:40:53.548274","2020-08-04T17:40:53.548274"
"955b9057-b6a7-475c-ae00-64e821d21612","phac-aspc","federal","Coronavirus disease 2019 (COVID-19): Epidemiology update ","info","publication","2020-07-07T14:21:33.327835","2020-07-07T14:21:33.327835"
"47e4c1cb-94e4-46a2-a03d-776edacf8ec5","phac-aspc","federal","Be prepared for COVID-19 (factsheet)","info","publication","2020-03-09T17:50:47.084220","2020-03-09T17:50:47.084220"
"1777161d-7568-4498-868c-bf9cb8bba8ce","phac-aspc","federal","A Pan-Canadian response to COVID-19","info","publication","2020-05-11T12:10:43.516436","2020-05-11T12:10:43.516436"
"03bb207a-593d-4a0e-ae25-ee16e1149d72","phac-aspc","federal","Canada COVID-19 Situational Awareness - Dashboard","dataset","fgp","2020-07-10T19:00:50.520124","2020-07-10T19:00:50.520124"
"096b8532-0b3d-4752-8e74-c7188a13918c","hc-sc","federal","Personal Protective Equipment against COVID-19: Overview","info","publication","2020-05-07T18:40:52.083678","2020-05-07T18:40:52.083678"
"4e9f3e95-6909-4385-af4e-611b5a4e2803","hc-sc","federal","Drug establishment licences and COVID-19","info","publication","2020-08-28T13:01:21.919959","2020-08-28T13:01:21.919959"
"85ac1ca1-f206-4948-97a7-4c6ccc3ff6dd","pwgsc-tpsgc","federal","Glossary on the COVID-19 pandemic","dataset","primary","2020-07-23T18:30:40.743689","2020-07-23T18:30:40.743689"
"7a057dd1-1447-4ca2-9290-074e8ea666f6","phac-aspc","federal","Vaccines and treatments for COVID-19","info","publication","2021-01-20T19:20:53.388076","2021-01-20T19:20:53.388076"
"80ae9905-9034-4cf7-9057-d34af6065561","tbs-sct","federal","GC InfoBase - COVID-19 Estimates Initiatives","dataset","primary","2021-01-27T18:20:56.737075","2021-01-27T18:20:56.737075"
"8be31a6e-7222-4dcf-bf99-0652ba15fbf8","hc-sc","federal","Vaccines and treatments for COVID-19: List of all COVID 19 Clinical Trials Authorized by Health Canada","info","publication","2020-04-23T17:50:34.260025","2020-04-23T17:50:34.260025"
"cc240613-83e9-4eb7-8140-e06a6eec3882","hc-sc","federal","Hard-surface disinfectants and hand sanitizers (COVID-19): Disinfectants and hand sanitizers accepted under COVID-19 interim measure","info","publication","2020-05-12T13:30:41.799444","2020-05-12T13:30:41.799444"
"d354fbfa-b768-400f-9618-8728dfe8a30f","hc-sc","federal","Vaccines and treatments for COVID-19: List all COVID 19 Investigational Trials Authorized by Health Canada for Medical Devices","info","publication","2020-04-23T17:50:38.005434","2020-04-23T17:50:38.005434"
"217f7bbe-b392-4d00-b283-de32222f9dd2","phac-aspc","federal","Recommendations on the use of COVID-19 vaccines","info","publication","2021-01-25T17:01:23.650030","2021-01-25T17:01:23.650030"
"62021ef7-5b22-4183-acea-b714ff6d9f59","phac-aspc","federal","Colouring pages to help children learn about COVID-19","info","publication","2020-07-24T12:30:43.653611","2020-07-24T12:30:43.653611"
"8f2a38ab-7c76-404c-ac10-0acf07938ca3","phac-aspc","federal","Planning guidance for immunization clinics for COVID-19 vaccines","info","publication","2021-01-25T17:01:06.534090","2021-01-25T17:01:06.534090"
"811361dd-f01d-4889-98fb-a2ed3fbb3c0f","hc-sc","federal","Medical devices: Diagnostic devices for use against coronavirus (COVID-19)","info","publication","2020-04-07T19:30:52.472574","2020-04-07T19:30:52.472574"
"6b5889a2-5ecd-46d9-899e-fae9fbf8a526","esdc-edsc","federal","May 5th, 2020 COVID-19 committee Question Period notes","info","parliament_committee","2021-01-19T19:11:20.329012","2021-01-19T19:11:20.329012"
"b339fbc2-dc74-4bff-acab-c7cbb0a6755e","hc-sc","federal","Resources for Canadians living with pain during COVID-19","info","publication","2021-01-06T17:52:08.268700","2021-01-06T17:52:08.268700"
"dbf5cbdb-ef16-4630-bad6-f9f0220d34ee","phac-aspc","federal","Pregnancy, childbirth and caring for a newborn during COVID-19","info","publication","2020-11-04T18:31:08.906097","2020-11-04T18:31:08.906097"
"24364200-0e59-48c1-814e-2fa420221191","phac-aspc","federal","COVID-19: Resources for seniors and their caregivers","info","publication","2020-08-04T17:41:02.399765","2020-08-04T17:41:02.399765"
"d75c1bd8-a81c-43dc-8ca2-4c58320366c1","phac-aspc","federal","Coronavirus disease (COVID-19): For businesses and employees","info","publication","2020-06-17T17:01:13.001384","2020-06-17T17:01:13.001384"
"7527f11b-9f58-40eb-b779-0944d04dfc17","hc-sc","federal","Healthy eating during the COVID-19 pandemic: Healthy eating","info","publication","2020-05-14T18:20:52.359346","2020-05-14T18:20:52.359346"
"3158438c-7ced-4819-81f1-6cf4707dfe60","hc-sc","federal","Testing devices for COVID-19: Antigen testing devices","info","publication","2020-11-04T15:10:21.468574","2020-11-04T15:10:21.468574"
"f3eae20c-3a52-4014-8ad6-183c155ba3c8","hc-sc","federal","Testing devices for COVID-19: Antigen testing devices","info","publication","2020-10-02T18:21:33.036461","2020-10-02T18:21:33.036461"
"5484f2cf-22ed-4e17-aa28-45862a69f048","phac-aspc","federal","Know the facts about coronavirus disease (COVID-19)","info","publication","2020-03-09T17:50:53.468866","2020-03-09T17:50:53.468866"
"fc11aa70-821b-4c64-be19-020a2465b0de","phac-aspc","federal","Interactive data visualizations of COVID-19 around the world","dataset","primary","2020-07-07T13:31:25.124506","2020-07-07T13:31:25.124506"
"1acd7895-e743-458d-895a-2343d73cc7b3","phac-aspc","federal","Government of Canada's research response to COVID-19","info","publication","2020-05-13T15:30:58.310495","2020-05-13T15:30:58.310495"
"49a23a37-5e5d-411b-9104-4d54a6be50a0","hc-sc","federal","Health product advertising incidents related to COVID-19","info","publication","2020-11-04T15:00:29.943232","2020-11-04T15:00:29.943232"
"0955b0d4-e35f-4b34-8f17-8abfd200ec5b","hc-sc","federal","Health product advertising incidents related to COVID-19","info","publication","2020-10-02T18:11:33.575087","2020-10-02T18:11:33.575087"
"951174e6-8efa-4ad6-9b29-529e911ab06c","phac-aspc","federal","Government of Canada's research response to COVID-19","info","publication","2020-06-18T19:02:21.757145","2020-06-18T19:02:21.757145"
"a04be2a2-b8b7-4a7c-bbca-a5298a1e4e66","phac-aspc","federal","COVID-19: Guidance on indoor ventilation during the pandemic","info","publication","2021-02-15T19:40:52.719317","2021-02-15T19:40:52.719317"
"07bb70f4-bb51-4ed6-ad6f-eaf62b6a1eda","phac-aspc","federal","Planning guidance for administration of COVID-19 vaccine","info","publication","2021-01-25T17:01:03.464519","2021-01-25T17:01:03.464519"
"153a215f-f77d-482e-a796-5a5d96db3cdf","phac-aspc","federal","COVID-19: Kids, here’s what you need to know","info","publication","2020-08-04T17:40:44.140260","2020-08-04T17:40:44.140260"
"2156d229-e201-4c9a-b831-8f3a16efb4b5","phac-aspc","federal","COVID-19: Resources for seniors and their caregivers","info","publication","2020-07-31T17:10:58.147836","2020-07-31T17:10:58.147836"
"9a8cd32e-856e-49c7-9c5d-a989a7b539d5","jus","federal","FAQs: Family Support obligations in the context of COVID-19 ","info","publication","2020-05-01T20:11:22.667455","2020-05-01T20:11:22.667455"
"fc7c2e12-540c-4c1d-b03c-3086cd367f23","phac-aspc","federal","COVID-19: Plan a safe holiday or celebration","info","publication","2021-01-06T17:31:32.582799","2021-01-06T17:31:32.582799"
"5086d304-9157-42d1-beee-a70912e4fdd7","phac-aspc","federal","How to care for someone with COVID-19 at home","info","publication","2020-10-22T18:32:02.644032","2020-10-22T18:32:02.644032"
"bc5d2ceb-57dc-4a9c-93c2-94e97d4ff104","phac-aspc","federal","National Microbiology Laboratory’s role in the COVID-19 response","info","publication","2020-10-22T18:21:51.886309","2020-10-22T18:21:51.886309"
"9a43d1f7-9a14-464c-a265-4a5fc43b5fdd","hc-sc","federal","Commons Standing Committee on Government Operations and Estimates COVID-19  ","info","parliament_committee","2020-09-15T18:20:52.496423","2020-09-15T18:20:52.496423"
"c345d6a9-b00b-406a-ba05-0fd83786cbaf","phac-aspc","federal","Government of Canada takes action on COVID-19","info","publication","2020-06-18T19:02:11.441893","2020-06-18T19:02:11.441893"
"5a08e31f-624e-434b-a195-83022d863e57","hc-sc","federal","Health product advertising incidents related to COVID-19","info","publication","2021-01-06T17:52:05.456808","2021-01-06T17:52:05.456808"
"7984a922-b4e3-40cd-aae2-b2fecac80d69","hc-sc","federal","Helping people who use substances during the COVID-19 pandemic","info","publication","2020-11-04T15:00:26.434387","2020-11-04T15:00:26.434387"
"52960f1f-5bca-4d05-895a-0745ce08e5e1","phac-aspc","federal","For travellers with COVID-19 symptoms returning to Canada ","info","publication","2020-10-22T18:11:52.252758","2020-10-22T18:11:52.252758"
"812a8c38-269f-47a6-9ce2-dda0cb81a5b2","phac-aspc","federal","COVID-19: Digital tools and apps for staying healthy ","info","publication","2020-10-22T18:11:36.441796","2020-10-22T18:11:36.441796"
"779a7f96-c727-4bdb-b67f-5e071e0c7fb6","hc-sc","federal","Helping people who use substances during the COVID-19 pandemic","info","publication","2020-10-02T18:11:30.139381","2020-10-02T18:11:30.139381"
"b8d1d622-1ceb-4c1c-96e9-a0b38939080b","phac-aspc","federal","Interactive data visualizations of COVID-19 in Canada","dataset","primary","2020-07-07T13:31:20.428179","2020-07-07T13:31:20.428179"
"1c00082a-63a0-4091-bb73-60613f38f664","phac-aspc","federal","Physical distancing: How to slow the spread of COVID-19 ","info","publication","2020-05-08T18:40:46.329027","2020-05-08T18:40:46.329027"
"95b552dd-e1bf-4102-be84-fe1eaef4d8ed","phac-aspc","federal","Cleaning and disinfecting public spaces during COVID-19","info","publication","2020-06-18T19:02:07.467759","2020-06-18T19:02:07.467759"
"5caca5fe-44b8-4411-bd61-92845674c872","phac-aspc","federal","Physical distancing: Actions for reducing the spread of COVID-19","info","publication","2020-05-08T18:40:52.435191","2020-05-08T18:40:52.435191"
"182dc9a7-6533-406d-ac33-250f5bbc3931","phac-aspc","federal","Coronavirus disease (COVID-19): Travel restrictions, exemptions and advice","info","publication","2020-08-04T17:40:59.481767","2020-08-04T17:40:59.481767"
"f4665424-6589-4877-bd29-6fb0224ad71d","hc-sc","federal","Healthy eating during the COVID-19 pandemic: Your eating habits","info","publication","2020-05-14T18:20:56.031026","2020-05-14T18:20:56.031026"
"96ad93c9-44d9-4f4e-98bc-fde0fb33cb75","hc-sc","federal","Personal protective equipment against COVID-19: Medical gloves","info","publication","2020-05-07T18:40:58.956008","2020-05-07T18:40:58.956008"
"33edc5d3-b279-4405-b912-172511965390","phac-aspc","federal","National laboratory testing indication guidance for COVID-19","info","publication","2020-06-03T13:30:49.657370","2020-06-03T13:30:49.657370"
"f7960af8-5b1b-4ab1-b802-8b0b0be0bfa8","phac-aspc","federal","COVID-19 and people with disabilities in Canada","info","publication","2020-05-13T15:31:14.920808","2020-05-13T15:31:14.920808"
"2a382bf0-4850-4dc3-9973-6455eaa51d7f","phac-aspc","federal","COVID-19  Advisory Groups and Task Forces Fact  Sheet","info","publication","2021-01-25T17:00:54.994756","2021-01-25T17:00:54.994756"
"e62b9aa4-8cc5-4deb-ab53-e5da828b790b","phac-aspc","federal","Coronavirus disease 2019 (COVID-19): Epidemiological Summary Dashboard","dataset","primary","2020-12-02T20:52:03.131848","2020-12-02T20:52:03.131848"
"694d5ed1-1a5d-4763-97a6-b07d536dfa40","statcan","federal","COVID-19 impacts on various expenditures, by business characteristics","dataset","primary","2020-11-27T20:42:19.235895","2020-11-27T20:42:19.235895"
"722481c4-c44d-4bb6-9ceb-002022d52f80","phac-aspc","federal","Interim national case definition: Coronavirus disease (COVID-19)","info","publication","2020-07-27T11:20:17.828209","2020-07-27T11:20:17.828209"
"621f0071-931d-46e8-acb6-4de8c0065ad1","hc-sc","federal","Resources for Canadians living with pain during COVID-19: Resources","info","publication","2020-07-24T12:30:35.239543","2020-07-24T12:30:35.239543"
"533c7590-3651-42c7-9e77-88759844528c","phac-aspc","federal","Epidemiological summary of COVID-19 cases in First Nations communities","info","publication","2020-07-07T14:21:36.712349","2020-07-07T14:21:36.712349"
"92878eb5-73c8-4c65-b2c9-971e28662211","hc-sc","federal","Personal Protective Equipment against COVID-19: Medical gowns","info","publication","2020-05-08T13:00:29.931496","2020-05-08T13:00:29.931496"
"1229fef1-3acd-4c32-895c-bdab2b805cc7","hc-sc","federal","Hard surface disinfectants and hand sanitizers (COVID-19)","info","publication","2020-05-05T12:30:59.669600","2020-05-05T12:30:59.669600"
"e3c2b28a-5954-471e-9f25-50bd59b55a92","hc-sc","federal","Health Product Advertising Incidents related to COVID-19","info","publication","2020-05-01T16:50:53.322723","2020-05-01T16:50:53.322723"
"a5e8d937-255a-4dad-9d15-00e2b91f3aff","csec-cstc","federal","COVID-19 and Malicious Websites (ITSAP.00.103)","info","publication","2020-12-23T18:52:36.387801","2020-12-23T18:52:36.387801"
"b576daeb-4127-43e6-b766-725cf7ee79cd","jus","federal","Resources related to COVID-19 for employees of Justice Canada","info","publication","2020-05-04T15:50:44.838601","2020-05-04T15:50:44.838601"
"39f7e23e-67eb-4e29-af49-2f28181d0b63","hc-sc","federal","Health Canada toolkit: COVID-19 and substance use","info","publication","2021-01-06T17:52:16.211238","2021-01-06T17:52:16.211238"
"ecfbc5d6-aa50-416a-9d5d-48435ecb4b8e","hc-sc","federal","Helping people who use substances during the COVID-19 pandemic","info","publication","2021-01-06T17:52:13.445449","2021-01-06T17:52:13.445449"
"f167deb1-6190-4693-9878-f127b55e506e","phac-aspc","federal","COVID-19: Safety advice for private indoor gatherings","info","publication","2020-11-25T16:10:58.782737","2020-11-25T16:10:58.782737"
"c96cc04d-c743-4b39-9665-b0566100e308","hc-sc","federal","Healthy eating during the COVID-19 pandemic: Meal planning","info","publication","2020-05-14T18:20:59.513482","2020-05-14T18:20:59.513482"
"25f13ea5-6dd8-4296-9d1a-2695ef8f5644","hc-sc","federal","COVID-19 guidance for reporting medical device shortages: Background","info","publication","2020-11-04T15:10:18.251693","2020-11-04T15:10:18.251693"
"b3c8b683-0f3b-42fa-8a44-fc0b31f49938","hc-sc","federal","COVID-19 guidance for reporting medical device shortages: Background","info","publication","2020-10-02T18:21:29.398929","2020-10-02T18:21:29.398929"
"f6abc151-fef7-4d2d-8e9a-6859284f7d4a","phac-aspc","federal","For persons exempt from mandatory quarantine due to COVID-19","info","publication","2020-08-05T17:20:42.039506","2020-08-05T17:20:42.039506"
"c9771ee9-fcc1-42e7-ad5a-14caf684cb70","phac-aspc","federal","Canada’s COVID-19 Immunization Plan: Saving Lives and Livelihoods","info","publication","2021-01-25T17:00:48.237124","2021-01-25T17:00:48.237124"
"4d5c0314-6514-4227-87a3-fbbe4422ae1d","phac-aspc","federal","COVID-19 Pandemic Guidance for the Health Care Sector","info","publication","2020-05-01T20:11:12.050322","2020-05-01T20:11:12.050322"
"de2bf291-1ccd-4f27-9dcd-8616b95bec6f","esdc-edsc","federal","Work-Sharing (WS) COVID-19 Temporary Special Measures Statistics","dataset","primary","2020-10-16T12:40:13.829931","2020-10-16T12:40:13.829931"
"213bd9d2-0dc5-4140-a2da-aac6b1f6ce7b","ssc-spc","federal","Shared Services Canada COVID-19 Questions and Answers","info","publication","2020-04-02T16:10:42.103455","2020-04-02T16:10:42.103455"
"da1f69b1-3cd8-4e6f-b4db-3f85e5db5392","phac-aspc","federal","COVID-19 epidemiological and economic research and data","info","publication","2020-06-05T18:00:44.340547","2020-06-05T18:00:44.340547"
"261c32ab-4cfd-4f81-9dea-7b64065690dc","phac-aspc","federal","Public Health Infobase - Data on COVID-19 in Canada","dataset","primary","2020-04-29T18:00:51.931231","2020-04-29T18:00:51.931231"
"762f0cf4-f888-4ff2-b624-fb093b6eba1a","phac-aspc","federal","Guidance for post-secondary institutions during the COVID-19 pandemic","info","publication","2020-10-01T13:11:31.907528","2020-10-01T13:11:31.907528"
"b1e9f0a7-20cd-4eb8-8315-d82b494564a7","jus","federal","Action Committee on Court Operations in Response to COVID-19","info","publication","2020-08-27T15:31:48.257849","2020-08-27T15:31:48.257849"
"f8200e19-de85-440f-8214-fa54b64ea2f5","hc-sc","federal","Drug and vaccine authorizations for COVID-19: Overview","info","publication","2020-11-04T15:10:26.970538","2020-11-04T15:10:26.970538"
"8ae95ca5-b3f6-441f-abfe-b169f07478f1","hc-sc","federal","Drug and vaccine authorizations for COVID-19: Overview","info","publication","2020-10-02T18:21:36.642324","2020-10-02T18:21:36.642324"
"7ec9dbd2-e387-45c9-aabe-5a7f5c64d716","csec-cstc","federal","Focused Cyber Security Advice and Guidance During COVID-19","info","publication","2020-12-23T18:54:20.486744","2020-12-23T18:54:20.486744"
"604a8446-0512-40b1-b2e5-5252118afaa7","aandc-aadnc","federal","Briefing package for a Committee of the Whole on COVID-19 and for the Special Committee on the COVID-19 Pandemic - Minister of Northern Affairs","info","parliament_committee","2020-09-14T19:00:41.425739","2020-09-14T19:00:41.425739"
"4a9544aa-6a85-457a-b6ec-fc1eae0afa1a","aandc-aadnc","federal","Briefing package for a Committee of the Whole on COVID-19 and for the Special Committee on the COVID-19 Pandemic - Minister of Crown-Indigenous Relations","info","parliament_committee","2020-09-09T19:20:42.984877","2020-09-09T19:20:42.984877"
"3341f24b-4e18-4b6e-a8e7-b99d90834a48","isc-sac","federal","Briefing package for a Committee of the Whole on COVID-19 and for the Special Committee on the COVID-19 Pandemic - Minister of Indigenous Services","info","parliament_committee","2020-08-19T12:20:29.394524","2020-08-19T12:20:29.394524"
"85f9fde1-6087-4d9b-9ee6-202ec1894c0f","statcan","federal","StatCan COVID-19: Data to Insights for a Better Canada","info","publication","2020-06-15T18:10:38.126604","2020-06-15T18:10:38.126604"
"bd3fb2a7-9e9e-416d-9156-19dc910a04d6","esdc-edsc","federal","Bill C-13, An Act respecting certain measures in response to COVID-19","info","parliament_committee","2020-09-01T15:30:28.489897","2020-09-01T15:30:28.489897"
"aec89544-232c-463c-9817-10945fead3bc","hc-sc","federal","Conducting a clinical trial for COVID-19 medical devices: List of authorized clinical trials","info","publication","2020-07-24T12:30:39.659237","2020-07-24T12:30:39.659237"
"43ad7e38-2925-489a-914c-1cab025b6436","phac-aspc","federal","Help reduce the spread of COVID-19: Information for Indigenous communities ","info","publication","2020-05-12T18:51:00.981519","2020-05-12T18:51:00.981519"
"3e64fc93-a3b0-40ba-a121-25e22c77b40e","hc-sc","federal","COVID-19 in Canada: Using data and modelling to inform public health action","info","publication","2020-05-12T13:30:48.723090","2020-05-12T13:30:48.723090"
"8efabc8c-f60d-4c20-a792-39fa01db6b75","phac-aspc","federal","Pregnancy, childbirth and caring for newborns: Advice for mothers during COVID-19","info","publication","2020-05-08T18:40:42.646335","2020-05-08T18:40:42.646335"
"3b75a8d6-c5a9-48f9-834b-626eec16363f","phac-aspc","federal","Cumulative number of COVID-19 vaccine doses administered in Canada by jurisdiction","dataset","primary","2021-02-05T19:01:15.651070","2021-02-05T19:01:15.651070"
"513694ea-ed47-421a-92fb-864b864d5c0f","phac-aspc","federal","How businesses and employees can stay safe while operating during COVID-19","info","publication","2020-07-31T22:00:56.043654","2020-07-31T22:00:56.043654"
"f5070b39-5f53-4780-88b6-368c461cb466","esdc-edsc","federal","HUMA appearance on Government’s response to the COVID-19 pandemic - April 30, 2020","info","parliament_committee","2021-01-19T19:11:26.506456","2021-01-19T19:11:26.506456"
"2ad2b3a7-77bc-41d6-8c84-2bfad7924abb","esdc-edsc","federal","Bill C-, An Act respecting additional COVID-19 measures: Committee of the Whole, June 10, 2020","info","parliament_committee","2021-01-19T19:11:01.650942","2021-01-19T19:11:01.650942"
"b8370a4c-9bcc-4c72-ab3e-bebb705399ad","dfo-mpo","federal","House of Commons Standing Committee on the COVID-19 pandemic, June 10th, 2020","info","parliament_committee","2020-10-09T13:50:16.670239","2020-10-09T13:50:16.670239"
"58ea9f56-8d6e-40d0-8c3c-45a1681ae6db","phac-aspc","federal","Taking care of your mental and physical health during the COVID-19 pandemic","info","publication","2020-08-04T17:40:39.460595","2020-08-04T17:40:39.460595"
"73382b39-f432-4db2-904a-cf4da03022e4","hc-sc","federal","Hard-surface disinfectants and hand sanitizers (COVID-19): Information for manufacturers","info","publication","2020-05-12T13:30:52.467294","2020-05-12T13:30:52.467294"
"5e12e5a4-1b70-4f39-96f0-b4249f92e561","phac-aspc","federal","Infection Prevention and Control for COVID-19: Second Interim Guidance for Acute Healthcare Settings","info","publication","2020-05-11T12:10:46.905900","2020-05-11T12:10:46.905900"
"d7b4f32e-3549-4a03-9587-8dc6c4d97ab2","phac-aspc","federal","Infection Prevention and Control for COVID-19: Interim Guidance for Home Care Settings","info","publication","2020-05-08T18:50:52.122834","2020-05-08T18:50:52.122834"
"86cd720d-8c79-454a-aa1d-24f45532f194","hc-sc","federal","Diagnostic devices for use against coronavirus (COVID-19): List of authorized devices","info","publication","2020-04-15T14:10:52.020956","2020-04-15T14:10:52.020956"
"927a1c12-c999-4659-9254-b3edbb75149d","hc-sc","federal","Diagnostic devices for use against coronavirus (COVID-19): List of applications received","info","publication","2020-04-15T14:10:48.243604","2020-04-15T14:10:48.243604"
"ad9dc2e3-0320-4b4a-9bab-17e9dcfe9c70","phac-aspc","federal","Briefing package - Appearance of the PHAC President at SOCI on COVID-19 on June 26 2020","info","parliament_committee_deputy","2020-10-26T18:20:53.876093","2020-10-26T18:20:53.876093"
"8e36d84d-5a4c-407c-855f-b02e7e2cabba","phac-aspc","federal","What you need to know about the COVID-19 vaccine for Canada","info","publication","2020-11-25T17:31:02.907787","2020-11-25T17:31:02.907787"
"5c934e01-aabd-4b31-be88-70a9e4255530","phac-aspc","federal","COVID-19: How to safely use a non-medical mask or face covering","info","publication","2020-06-26T11:40:33.029513","2020-06-26T11:40:33.029513"
"57fed90f-8302-4c28-a4c8-db56c0c70c45","phac-aspc","federal","Preventing COVID-19 in the workplace: Employers, employees and essential service workers","info","publication","2020-05-12T18:50:45.126204","2020-05-12T18:50:45.126204"
"557e1583-be24-40c2-8db4-387885db3f6f","hc-sc","federal","Australia, Canada, Singapore, Switzerland Consortium regulators pledge support to tackle COVID-19","info","publication","2020-05-12T13:30:45.453765","2020-05-12T13:30:45.453765"
"faae33f3-5440-4950-909a-ff72b33878b0","phac-aspc","federal","How to isolate at home when you may have COVID-19 ","info","publication","2020-05-08T18:50:48.340386","2020-05-08T18:50:48.340386"
"12fe3204-3a16-49cd-ab88-c1fe10b56555","phac-aspc","federal","How to care for a child with COVID-19 at home: Advice for caregivers ","info","publication","2020-05-08T18:41:02.048375","2020-05-08T18:41:02.048375"
"8cf457d2-ba26-4947-814b-a1335a7514a5","phac-aspc","federal","How to care for a person with COVID-19 at home: Advice for caregivers ","info","publication","2020-05-08T18:40:55.732698","2020-05-08T18:40:55.732698"
"b43b1bf3-2f7d-4dba-81e3-bbfa419f3882","hc-sc","federal","Notice: Expedited Review of Health Product Submissions and Applications to address COVID-19 ","info","publication","2020-04-03T17:00:54.286844","2020-04-03T17:00:54.286844"
"1f8a3461-58b4-41f7-9ff7-080708eb667d","hc-sc","federal","Medical devices for use against coronavirus (COVID-19): List of products authorized under Interim Order","info","publication","2020-04-15T14:10:55.493198","2020-04-15T14:10:55.493198"
"e91f13cb-cc76-4aa6-8389-ddc7c265d834","statcan","federal","Selected police-reported crime and calls for service during the COVID-19 pandemic","dataset","primary","2020-09-01T12:38:33.873064","2020-09-01T12:38:33.873064"
"7d8f3535-5338-4a08-b033-c4e42c281e47","hc-sc","federal","Health Canada’s regulatory response to COVID-19: Access to health products ","info","publication","2020-08-28T13:01:09.153370","2020-08-28T13:01:09.153370"
"91f4111f-0add-4c01-86cb-98a4502351be","esdc-edsc","federal","Government’s Response to the COVID-19 Pandemic through CESB - April 29, 2020","info","parliament_committee","2021-01-19T19:11:29.424639","2021-01-19T19:11:29.424639"
"82ba0fae-6ee1-4ed5-affc-7925078bbca4","esdc-edsc","federal","HUMA appearance, COVID-19 pandemic - April 24, 2020- Minister`s binder","info","parliament_committee","2021-01-19T19:11:17.280138","2021-01-19T19:11:17.280138"
"0e78cc71-fc75-4ef1-af6f-74eddc5eb34f","statcan","federal","Current or planned actions or measures in place due to COVID-19, by business characteristics","dataset","primary","2020-11-27T20:51:06.842568","2020-11-27T20:51:06.842568"
"21e83189-9fac-42a8-9180-3be19bd3283b","statcan","federal","Impact of COVID-19 on business or organization status, by business characteristics","dataset","primary","2020-11-27T20:51:04.350265","2020-11-27T20:51:04.350265"
"acdfdacb-da45-4fb5-a087-7d972b1b8ca6","statcan","federal","Approved funding or credit due to COVID-19, by business characteristics","dataset","primary","2020-11-27T20:42:16.747181","2020-11-27T20:42:16.747181"
"74eb3933-2af7-4c74-a5ee-42658703cc6b","statcan","federal","Layoffs since the start of the COVID-19 pandemic, by business characteristics","dataset","primary","2020-11-27T20:38:33.204697","2020-11-27T20:38:33.204697"
"4fe4ad14-3e23-40f7-82f0-b760959aa38d","hc-sc","federal","Testing devices for COVID-19: Test swabs safety and effectiveness guidance","info","publication","2020-11-04T15:00:43.652579","2020-11-04T15:00:43.652579"
"270c5202-1c2b-4fdc-8003-65b5f720a8b1","hc-sc","federal","Testing devices for COVID-19: Test swabs safety and effectiveness guidance","info","publication","2020-10-02T17:21:38.481673","2020-10-02T17:21:38.481673"
"0a022bed-5e25-4df0-974c-f5371db3ec29","phac-aspc","federal","Interim guidance: Care of residents in long term care homes during the COVID-19 pandemic","info","publication","2020-10-02T12:31:23.180518","2020-10-02T12:31:23.180518"
"2e96f29a-e8d9-4d27-898c-7017df3a30f2","phac-aspc","federal","People who are at high risk for severe illness from COVID-19","info","publication","2020-08-04T17:41:19.490517","2020-08-04T17:41:19.490517"
"ca81fcd4-8da8-4816-9a6e-d233e491f71d","phac-aspc","federal","Community-based measures to mitigate the spread of coronavirus disease (COVID-19) in Canada","info","publication","2020-07-27T11:20:21.106766","2020-07-27T11:20:21.106766"
"2d4b213e-fa34-4401-8375-12c2e75910c7","phac-aspc","federal","Taking care of your mental and physical health during the COVID-19 pandemic","info","publication","2020-06-18T19:02:18.325634","2020-06-18T19:02:18.325634"
"17534706-57e6-4edb-bc4e-64b2f4b01dd6","phac-aspc","federal","Interim national surveillance guidelines for human infection with Coronavirus disease (COVID-19)","info","publication","2020-05-13T15:31:08.627771","2020-05-13T15:31:08.627771"
"2e194e33-46a8-483a-a493-57ee6f1d802c","phac-aspc","federal","Requirements for serological antibody tests submitted under the COVID-19 Interim Order: guidance","info","publication","2020-05-11T12:10:33.744876","2020-05-11T12:10:33.744876"
"44a4c02d-6a85-4cb7-a57f-8a9ed90d3acb","phac-aspc","federal","People who are at high risk for severe illness from COVID-19","info","publication","2020-05-05T12:30:52.695811","2020-05-05T12:30:52.695811"
"dfaef75f-e0f7-4f60-9606-a609937a8131","hc-sc","federal","Government of Canada connects Canadians with mental wellness supports during COVID-19","info","publication","2020-04-28T12:50:49.244315","2020-04-28T12:50:49.244315"
"10bcc3d5-bc58-47a5-accc-900cefed0582","hc-sc","federal","Notice for Industry: Mandatory Reporting Requirement during the COVID-19 Pandemic","info","publication","2020-04-03T17:00:47.178534","2020-04-03T17:00:47.178534"
"594e718a-33af-4f28-b72a-f8a730dde818","phac-aspc","federal","Risk mitigation tool for gatherings and events operating during the COVID-19 pandemic","info","publication","2020-07-27T11:20:13.484318","2020-07-27T11:20:13.484318"
"5990ac8f-4d6a-4284-bc9d-8512d5454d19","hc-sc","federal","Exceptional importation and sale of drugs in relation to COVID-19:  For industry","info","publication","2020-05-01T16:51:20.054159","2020-05-01T16:51:20.054159"
"93588be4-04a8-4bd3-83ea-78808a76e060","hc-sc","federal","Exceptional importation and sale of drugs in relation to COVID-19: Overview","info","publication","2020-05-01T16:51:09.487147","2020-05-01T16:51:09.487147"
"de1ee9a0-5a26-4847-97d8-d54a371bc0b4","hc-sc","federal","Health Canada expedites access to COVID-19 diagnostic laboratory test kits and other medical devices","info","publication","2020-04-07T19:30:49.501959","2020-04-07T19:30:49.501959"
"9f723593-9cf3-4df3-9fc9-4ede755053c6","hc-sc","federal","Notice for Hospitals: Mandatory Reporting Requirement during the COVID-19 Pandemic","info","publication","2020-04-03T17:00:50.722268","2020-04-03T17:00:50.722268"
"5c50d1fe-0593-40bc-bd5c-b592d2692d47","esdc-edsc","federal","July 8, 2020, COVID-19, Committee of the Whole Question Period notes","info","parliament_committee","2021-01-19T19:10:51.510769","2021-01-19T19:10:51.510769"
"c1cf02d2-ea41-49e4-86a4-be19fba849ed","esdc-edsc","federal","HUMA appearance, COVID-19 pandemic - April 24, 2020 - Deputy Minister's binder","info","parliament_committee_deputy","2021-01-19T19:11:32.715237","2021-01-19T19:11:32.715237"
"591fb2b0-943b-467a-b12d-7aa50cec99c9","phac-aspc","federal","COVID-19: How to safely use a non-medical mask or face covering","info","publication","2020-07-31T17:11:01.350580","2020-07-31T17:11:01.350580"
"2d648718-ff4d-4c5f-b1bf-d0401171a969","tbs-sct","federal","Committee of the whole sitting of the House of Commons COVID-19: Government Response","info","publication","2020-07-21T20:20:41.319102","2020-07-21T20:20:41.319102"
"3da3c59a-2b4f-41fd-a7cd-3836cada79dc","hc-sc","federal","Health Canada and Public Health Agency of Canada social media resources: COVID-19","info","publication","2020-05-13T15:31:21.340950","2020-05-13T15:31:21.340950"
"1cac17ef-af8c-4090-a3b0-fc4157c28e6f","csec-cstc","federal","Cyber Threat Bulletin: Impact of COVID-19 on Cyber Threats to the Health Sector","info","publication","2021-01-13T18:11:29.512618","2021-01-13T18:11:29.512618"
"90db5f64-b8d6-4965-ace8-40bfde636430","phac-aspc","federal","Federal/provincial/territorial public health response plan for ongoing management of COVID-19","info","publication","2020-10-22T18:21:55.716713","2020-10-22T18:21:55.716713"
"804395fe-2c50-40a4-a9bd-80cf4e0107a3","phac-aspc","federal","Infection Prevention and Control for COVID-19: Interim Guidance for Long Term Care Homes","info","publication","2020-05-01T20:11:25.842501","2020-05-01T20:11:25.842501"
"bdc90ab5-2aeb-42da-90af-28ab96130958","phac-aspc","federal","Interim guidance: Management of mass fatalities during the coronavirus disease (COVID-19) pandemic","info","publication","2020-05-01T20:11:16.070916","2020-05-01T20:11:16.070916"
"b0a05887-d08c-4c01-800b-fee68814be95","statcan","federal","Extent of various sources businesses relied on for updates on COVID-19, by business characteristics","dataset","primary","2020-04-29T12:40:40.299103","2020-04-29T12:40:40.299103"
"ea96aff3-0d4f-4a7d-82cb-ab06dc11f1b2","statcan","federal","Staffing actions taken by businesses during the COVID-19 pandemic, by business characteristics","dataset","primary","2020-04-29T12:40:36.708974","2020-04-29T12:40:36.708974"
"8857d289-0c7d-42e6-bcd2-e9993c82dc42","statcan","federal","Changes made by businesses during the COVID-19 pandemic, by business characteristics","dataset","primary","2020-04-29T12:40:33.457444","2020-04-29T12:40:33.457444"
"4c6d8b07-af8b-46fb-8445-55f4dea10d36","statcan","federal","Percentage of workforce laid off because of COVID-19, by business characteristics","dataset","primary","2020-04-29T12:40:27.618569","2020-04-29T12:40:27.618569"
"dfd29f03-d53b-4064-a65f-456cc2774c07","statcan","federal","Funding or credit approved due to COVID-19, by business characteristics","dataset","primary","2020-07-14T12:39:45.471806","2020-07-14T12:39:45.471806"
"433c6b1c-c10a-4265-bda7-df6030358ff0","statcan","federal","Changes made by businesses to adapt to the COVID-19 pandemic, by business characteristics","dataset","primary","2020-07-14T12:38:26.805395","2020-07-14T12:38:26.805395"
"8823ea74-1ab1-4a98-8408-6c1e42e3425c","statcan","federal","Likelihood of various measures being permanently adopted once COVID-19 pandemic is over, by business characteristics","dataset","primary","2020-07-14T12:39:10.654649","2020-07-14T12:39:10.654649"
"5518ca72-06b8-4a01-910d-cd0392f7ebde","statcan","federal","Extent of various impacts experienced by businesses because of COVID-19, by business characteristics","dataset","primary","2020-04-29T12:37:46.477412","2020-04-29T12:37:46.477412"
"282a8273-5f96-43ed-b2b6-153e93edb6fc","statcan","federal","Percentage of workforce laid off to adapt to COVID-19, by business characteristics","dataset","primary","2020-07-14T12:38:33.112987","2020-07-14T12:38:33.112987"
"91342825-2d56-476c-9170-e7a2f8044a06","statcan","federal","Staffing actions taken by businesses to adapt to the COVID-19 pandemic, by business characteristics","dataset","primary","2020-07-14T12:38:29.893281","2020-07-14T12:38:29.893281"
"9ee9a8ab-5479-40f7-999c-c9c803f3473b","phac-aspc","federal","Risk-informed decision-making guidelines for workplaces and businesses during the COVID-19 pandemic","info","publication","2020-05-05T14:21:01.990124","2020-05-05T14:21:01.990124"
"5d77ec15-3fbb-4b1f-a76f-2d0f44506a2c","phac-aspc","federal","Going out: Personal and social activities during the COVID-19 pandemic","info","publication","2020-10-01T13:11:21.325866","2020-10-01T13:11:21.325866"
"e26bdc40-2162-4c60-a31e-3fc28657caae","phac-aspc","federal","Infection prevention and control for COVID-19: Interim guidance for outpatient and ambulatory care settings","info","publication","2020-06-03T13:30:45.158583","2020-06-03T13:30:45.158583"
"3c1dead5-61f3-49fc-8cbc-33305bf24738","phac-aspc","federal","Updated: Public health management of cases and contacts associated with coronavirus disease 2019 (COVID-19)","info","publication","2020-05-13T15:31:11.783946","2020-05-13T15:31:11.783946"
"c8c8a7e7-8fbc-4723-8510-4e7375a844cf","phac-aspc","federal","Guidance for providers of services for people experiencing homelessness (in the context of COVID-19)","info","publication","2020-05-08T18:50:45.073065","2020-05-08T18:50:45.073065"
"3e20f8f1-ff2b-46ea-8831-660c7ab960c3","hc-sc","federal","Optimizing the use of masks and respirators during the COVID-19 outbreak: Masks","info","publication","2020-05-07T18:40:55.304218","2020-05-07T18:40:55.304218"
"4299c1d8-0872-4156-b240-58e53ad5e74d","phac-aspc","federal","Mental health and COVID-19 for public servants: Manage psychosocial risks","info","publication","2020-05-05T14:20:54.990309","2020-05-05T14:20:54.990309"
"5b03996d-86ba-4ec3-996e-12cc9dea0d54","cic","federal","How the coronavirus disease (COVID-19) is affecting immigration, refugees, citizenship and passport services","dataset","primary","2020-04-16T12:50:47.188649","2020-04-16T12:50:47.188649"
"2f1874b4-081b-445e-9d56-6807de2dafd4","phac-aspc","federal","COVID-19: Compassionate entry for travellers and limited release from quarantine","info","publication","2020-11-26T20:51:35.349534","2020-11-26T20:51:35.349534"
"ee3390c2-111e-429a-92b3-7b72eec309fe","hc-sc","federal","Safety and performance specifications for respirators during COVID-19: Guidance for Canadian manufacturers","info","publication","2020-11-04T15:00:33.949293","2020-11-04T15:00:33.949293"
"2531e080-bf87-4ef5-a1fd-2ad345bec22b","hc-sc","federal","Management of clinical trials during the COVID-19 pandemic: Notice to clinical trial sponsors","info","publication","2020-04-07T19:30:55.487933","2020-04-07T19:30:55.487933"
"642bcdf9-261f-40c0-8f00-7a9c2294b617","csec-cstc","federal","Cyber Security Advice and Guidance for Research and Development Organizations During Covid-19","info","publication","2020-12-23T18:52:49.764904","2020-12-23T18:52:49.764904"
"5f22c052-f555-49b9-865d-2d2f60d73b38","hc-sc","federal","Exceptional importation and sale of drugs in relation to COVID-19:  For industry","info","publication","2020-05-01T16:51:16.714945","2020-05-01T16:51:16.714945"
"cf69ab87-c86e-4a6e-be12-e193cfe98383","phac-aspc","federal","Clinical management of patients with moderate to severe COVID-19 - Interim guidance","info","publication","2020-05-01T20:11:28.974236","2020-05-01T20:11:28.974236"
"26dc6d57-58af-4b94-9eee-e641922bf7a7","statcan","federal","Percentage of assets businesses have tried to liquidate due to COVID-19, by business characteristics","dataset","primary","2020-04-29T12:39:46.192154","2020-04-29T12:39:46.192154"
"2994b3fb-a741-494c-9720-62a14882f475","statcan","federal","Canadians health and COVID-19, by age and gender, monthly estimates","dataset","primary","2020-12-17T13:38:53.466617","2020-12-17T13:38:53.466617"
"bc895f26-762c-46b8-955b-013b6c2e72b9","hc-sc","federal","Exceptional importation and sale of drugs in relation to COVID-19: Tier 3 drug shortages","info","publication","2020-05-01T16:51:40.435065","2020-05-01T16:51:40.435065"
"26c64894-a6dc-47b0-ac7d-163a180ee0a3","hc-sc","federal","Safety and performance specifications for respirators during COVID-19: Guidance for Canadian manufacturers","info","publication","2020-10-02T17:21:30.638344","2020-10-02T17:21:30.638344"
"7af89a1e-5fd8-499b-b6e0-fd91ec9abe77","hc-sc","federal","Interim guidance on continuity of immunization programs during the COVID-19 pandemic","info","publication","2020-05-14T18:21:06.955501","2020-05-14T18:21:06.955501"
"c0b90398-01b9-4146-981d-6fe1dc80f3e7","statcan","federal","Canadians health and COVID-19, by region, age, gender and other characteristics","dataset","primary","2021-02-04T13:39:50.111398","2021-02-04T13:39:50.111398"
"227f00b4-1649-415f-85f7-ee62633dedf9","jus","federal","Charter Statement: An Act respecting certain measures in response to Covid-19 (C-13) ","info","publication","2020-04-02T17:30:50.099224","2020-04-02T17:30:50.099224"
"5f7b1aa2-130d-4990-a5ef-6e176d5afbe1","jus","federal","Charter Statement: Bill C-2: An Act relating to economic recovery in response to COVID-19 ","info","publication","2020-10-26T15:50:52.605772","2020-10-26T15:50:52.605772"
"d209dce2-a7b7-4907-8a50-73f0d02bc39e","jus","federal","Charter Statement: Bill C-20: An Act respecting additional COVID-19 measures ","info","publication","2020-10-19T14:40:48.175750","2020-10-19T14:40:48.175750"
"a4235018-4a3c-41a1-87ee-11d7d0912dec","jus","federal","Charter Statement: Bill C-4: An Act relating to certain measures in response to COVID-19 ","info","publication","2020-10-19T14:40:44.338541","2020-10-19T14:40:44.338541"
"691a0d31-738a-440c-b2dd-e9b905015d6c","jus","federal","Charter Statement - Bill C-14: A second Act respecting certain measures in response to COVID-19 ","info","publication","2020-05-04T15:50:40.408952","2020-05-04T15:50:40.408952"
"afc47f4e-c060-4d73-97b4-59e99be6a55c","phac-aspc","federal","How to quarantine (self-isolate) at home when you may have been exposed to COVID-19 and have no symptoms","info","publication","2020-05-05T12:30:48.288339","2020-05-05T12:30:48.288339"
"3bb9d26e-e378-4b62-83d9-2b738e1d5864","phac-aspc","federal","Canadians crossing the border daily to attend school in the United States: How to quarantine at home during COVID-19","info","publication","2020-10-22T18:31:46.465575","2020-10-22T18:31:46.465575"
"2b5dfdc7-e52f-4da4-bb5b-aea268e91758","phac-aspc","federal","Lifting of restrictive public health measures - Recommendations from the F/P/T Special Advisory Committee on COVID-19","info","publication","2020-07-24T12:30:50.018129","2020-07-24T12:30:50.018129"
"93430437-59ec-46f7-99de-a2e65d9e20f5","esdc-edsc","federal","HUMA Appearance on Government’s Response to COVID-19 Pandemic – May 1st, 2020 – Minister of Labour","info","parliament_committee","2021-01-19T19:11:23.383410","2021-01-19T19:11:23.383410"
"46b1d1c5-a628-4498-b1e0-378954bd4576","esdc-edsc","federal","Minister of Seniors HUMA appearance on Government’s response to the COVID-19 pandemic - May 15, 2020","info","parliament_committee","2021-01-19T19:11:14.135438","2021-01-19T19:11:14.135438"
"1c498bc2-edcd-44cb-b659-0b0dbca33bfa","phac-aspc","federal","Public health ethics framework: A guide for use in response to the COVID-19 pandemic in Canada ","info","publication","2020-07-24T12:30:46.802677","2020-07-24T12:30:46.802677"
"774d40b5-3123-48fe-8cc3-e1922a785634","esdc-edsc","federal","FEWO Appearance on Government’s Response to the COVID-19 Pandemic and the impacts on women July 8, 2020","info","parliament_committee","2021-01-19T19:10:55.093275","2021-01-19T19:10:55.093275"
"752cc063-3d2f-4cea-adda-a07be7b1fb48","jus","federal","Protecting Public Safety and the well-being of Canadians: Legislative and other measures – Coronavirus Disease (Covid-19) ","info","publication","2020-04-02T17:30:42.637747","2020-04-02T17:30:42.637747"
"4a182a2c-9dba-49b0-86e4-ea6c4f8d1929","phac-aspc","federal","Cumulative number and percent of people who have received a COVID-19 vaccine in Canada by number of doses","dataset","primary","2021-02-05T19:01:24.893472","2021-02-05T19:01:24.893472"
"a27ceb19-d6c8-4aab-92db-10a86a6b80c7","statcan","federal","Reasons business or organization did not access any funding or credit due to COVID-19, by business characteristics","dataset","primary","2020-11-27T20:42:14.063017","2020-11-27T20:42:14.063017"
"01cd2209-f0a8-4555-b76e-44b832d62410","hc-sc","federal","Applications for medical devices under the Interim Order for use in relation to COVID-19 - Guidance document","info","publication","2020-04-07T19:30:45.954062","2020-04-07T19:30:45.954062"
"ba0fc81b-f162-42ed-b751-b25c0cb024b1","wage","federal","The Minister for Women and Gender Equality’s appearances before the House of Commons Special Committee on COVID-19","info","parliament_committee","2020-08-25T19:11:38.631395","2020-08-25T19:11:38.631395"
"3f2dbda5-ca11-4925-9548-6da67e664407","phac-aspc","federal","Interim guidance: Death care services and handling of dead bodies during the coronavirus disease (COVID-19) pandemic","info","publication","2020-05-01T20:11:19.298849","2020-05-01T20:11:19.298849"
"5015ccd2-619c-45f8-af61-25fd31c6f8d8","hc-sc","federal","Interim Order Respecting Drugs, Medical Devices and Foods for a Special Dietary Purpose in Relation to COVID-19","info","publication","2020-05-01T16:51:01.150146","2020-05-01T16:51:01.150146"
"34126bb2-2529-476a-8430-6d9b032c292a","hc-sc","federal","Interim Order respecting the importation and sale of medical devices for use in relation to COVID-19","info","publication","2020-04-07T19:30:42.085022","2020-04-07T19:30:42.085022"
"94b3fb45-677d-4d4a-80b8-47a7cbb475e5","phac-aspc","federal","Lifting of restrictive public health measures - Recommendations from the F/P/T Special Advisory Committee on COVID-19","info","publication","2020-05-05T14:20:58.637031","2020-05-05T14:20:58.637031"
"758c0d37-7e7e-4b53-8309-483701f292ba","statcan","federal","Outcome of credit requests made by businesses to financial institutions due to COVID-19, by business characteristics","dataset","primary","2020-04-29T12:39:43.020169","2020-04-29T12:39:43.020169"
"6dd07e85-1d4b-4cfa-b4f4-ac7a16ebb127","statcan","federal","Methods used to conduct sales or secure orders remotely before and during the COVID-19 pandemic, by business characteristics","dataset","primary","2020-07-14T12:38:20.658174","2020-07-14T12:38:20.658174"
"7aeb19db-9b4b-40db-a294-39efa90ce90a","hc-sc","federal","Interim Order Respecting the Importation, Sale and Advertising of Drugs for Use in Relation to COVID-19","info","publication","2020-10-02T18:21:39.934937","2020-10-02T18:21:39.934937"
"b20a6c5b-2a36-4450-bf15-330d37178e3a","hc-sc","federal","Interim Order Respecting the Importation, Sale and Advertising of Drugs for Use in Relation to COVID-19","info","publication","2020-11-04T15:10:30.418058","2020-11-04T15:10:30.418058"
"04baf502-a961-4173-ab87-b054128b9cac","statcan","federal","Detailed preliminary information on cases of COVID-19: 6 Dimensions (Aggregated data), Public Health Agency of Canada","dataset","primary","2020-06-11T12:39:14.190999","2020-06-11T12:39:14.190999"
"5daf5d61-60db-4222-95a5-ad66808d9f1a","statcan","federal","Detailed preliminary information on cases of COVID-19: 4 Dimensions (Aggregated data), Public Health Agency of Canada","dataset","primary","2020-05-22T12:39:03.313679","2020-05-22T12:39:03.313679"
"ce0ebe2d-6a24-45a6-a2b2-ecb63c1ae9cf","hc-sc","federal","Notice – Important Regulatory Considerations for the Reprocessing of Single Use N95 Respirators during the COVID-19 Response","info","publication","2020-05-07T18:40:44.835145","2020-05-07T18:40:44.835145"
"a71a0407-6ffe-43e7-99ab-3c1e5ffb8ced","esdc-edsc","federal","Bill C-4, An Act relating to certain measures in response to COVID-19 – Senate Committee of the Whole, October 1, 2020","info","parliament_committee","2021-02-17T16:11:21.805999","2021-02-17T16:11:21.805999"
"f1f5912b-2474-43c9-b942-b4bef1cd737f","esdc-edsc","federal","OGGO appearance on Government’s response to the COVID-19 Pandemic – June 9, 2020 – Minister of Families, Children and Social Development","info","parliament_committee","2021-01-19T19:11:08.023323","2021-01-19T19:11:08.023323"
"46faf642-c185-4836-ba48-5435c4c25072","esdc-edsc","federal","Minister of Employment, Workforce Development and Disability Inclusion: NFFN Appearance on Government’s response to the COVID-19 pandemic, June 22, 2020","info","parliament_committee","2021-01-19T19:11:04.917806","2021-01-19T19:11:04.917806"
"7315af9c-6b3b-466d-8542-d725707622cf","esdc-edsc","federal","Bill C-4, An Act relating to certain measures in response to COVID-19 - Senate Committee of the Whole, October 1, 2020","info","parliament_committee","2021-01-19T19:10:47.730970","2021-01-19T19:10:47.730970"
"33cf2b52-e922-448f-b7a2-d30960f5a960","hc-sc","federal","Briefing binder for the Minister of Health’s appearances at the Special Committee on the COVID-19 Pandemic (COVI) - Week of April 28","info","parliament_committee","2020-08-27T15:31:45.332384","2020-08-27T15:31:45.332384"
"77be6f37-28ce-4538-a688-e4709864e17b","hc-sc","federal","Expedited access to disinfectants, hand sanitizers and personal protective equipment to help limit the spread of COVID-19, as well as swabs for testing","info","publication","2020-05-07T18:40:41.291264","2020-05-07T18:40:41.291264"
"0f1c7933-1577-419f-bdca-1a30790c013d","esdc-edsc","federal","Minister of Employment, Workforce Development and Disability Inclusion: OGGO Appearance on Government’s Response to the COVID-19 Pandemic, May 11, 2020","info","parliament_committee","2021-01-19T19:11:11.066017","2021-01-19T19:11:11.066017"
"81181273-4196-491a-a571-b7b3a2ae57ce","hc-sc","federal","Health products that make false or misleading claims to prevent, treat or cure COVID-19 may put your health at risk ","info","publication","2020-08-28T13:01:12.694702","2020-08-28T13:01:12.694702"
"c0a2b80c-5027-4edf-ad90-9d2bec70b181","phac-aspc","federal","Cumulative number and percent of people who have received a COVID-19 vaccine in Canada by number of doses and jurisdiction","dataset","primary","2021-02-05T19:01:07.721662","2021-02-05T19:01:07.721662"
"180aee19-c8bc-486e-adac-8cc865bcb6d8","phac-aspc","federal","Statement from the Chief Public Health Officer of Canada on the release of national modelling on the COVID-19 epidemic in Canada","info","publication","2020-04-28T12:51:04.825146","2020-04-28T12:51:04.825146"
"fa34dce5-66f7-4ae6-9d58-310008d9c2b7","phac-aspc","federal","Cumulative number and percent of people who have received a COVID-19 vaccine by vaccine product, number of doses, jurisdiction, and report week","dataset","primary","2021-02-05T19:01:28.263922","2021-02-05T19:01:28.263922"
"d6b9cdb2-3018-40c0-aa7a-597c935bc9eb","statcan","federal","Of businesses where at least one employee was laid off, percentage of workforce laid off and rehired due to COVID-19, by business characteristics","dataset","primary","2020-11-27T20:42:27.134388","2020-11-27T20:42:27.134388"
"be0e92bd-b332-4a11-9d8f-19013e956f5b","phac-aspc","federal","Cumulative number and percent of people who have received a COVID-19 vaccine in Canada by number of doses, age group, sex, and jurisdiction","info","publication","2021-02-05T19:01:21.254861","2021-02-05T19:01:21.254861"
"037405f0-7da4-4665-9690-1f0b9846da5b","phac-aspc","federal","The Chief Public Health Officer’s Report on the State of Public Health in Canada 2020 – From risk to resilience: An equity approach to COVID-19 ","info","publication","2020-11-04T18:31:16.876571","2020-11-04T18:31:16.876571"
"448d830a-daa0-4664-b3ac-92dfd2969071","phac-aspc","federal","Public Health Agency of Canada releases interim guidance for infection prevention and control of COVID-19 for long-term care homes","info","publication","2020-04-28T12:51:01.322599","2020-04-28T12:51:01.322599"
"41a48a22-86a7-4355-ac9e-7e47b8679c40","phac-aspc","federal","Cumulative number and percent of people in key populations who have received a COVID-19 vaccine in Canada, by number of doses and report week","info","publication","2021-02-05T19:01:11.956928","2021-02-05T19:01:11.956928"
"5814c88b-45ec-458e-84b5-7dd68f7593ae","statcan","federal","Percentage of workforce teleworking or working remotely, and percentage of workforce able to carry out a majority of duties during the COVID-19 pandemic, by business characteristics","dataset","primary","2020-04-29T12:37:50.608030","2020-04-29T12:37:50.608030"
"fecb3ca7-2030-46e7-bcde-e4fe623de5e2","oag-bvg","federal","Briefing package  - Appearance of the Auditor General of Canada before the Standing Committee on Finance on Government’s Response to the COVID-19 Pandemic on 22 June 2020","info","parliament_committee_deputy","2020-10-23T13:30:34.051388","2020-10-23T13:30:34.051388"
"c9c30630-e2f7-4313-b26a-2f7407c8681d","hc-sc","federal","Guidance on the implementation of the Interim Order respecting Drugs, Medical Devices and Foods for a Special Dietary Purpose in Relation to COVID-19 ","info","publication","2020-05-14T18:21:03.792939","2020-05-14T18:21:03.792939"
"91eb6ced-eb5a-4b79-a11f-0c0032739962","oag-bvg","federal","Briefing package  - Appearance of the Interim Auditor General of Canada before the Standing Committee on Finance on Government’s Response to the COVID-19 Pandemic on 12 May 2020 ","info","parliament_committee_deputy","2020-10-23T13:30:44.572022","2020-10-23T13:30:44.572022"
"23f8e6e0-79a4-4dfd-b616-678a76effad1","opc-cpvp","federal","Appearance of the Privacy Commissioner of Canada, Daniel Therrien before the Standing Committee on Industry, Science and Technology (INDU) – Study of the Canadian response to the COVID-19 pandemic","info","parliament_committee_deputy","2020-09-25T14:21:45.670974","2020-09-25T14:21:45.670974"
"033a4c7e-4540-458c-bd69-78d19252d2f2","pch","federal","Appearance of the Hon. Steven Guilbeault Minister of Canadian Heritage Before the Standing Committee on Industry, Science and Technology (INDU) – Study of the Canadian response to the COVID-19 pandemic","info","parliament_committee","2020-09-04T13:30:37.773060","2020-09-04T13:30:37.773060"
"03d52708-75cd-4aca-91ab-d6ea1914cf81","oag-bvg","federal","Briefing package - Appearance of the Auditor General of Canada before the Standing Committee on Government Operations and Estimates on Government’s Response to the COVID-19 Pandemic on 29 May 2020 ","info","parliament_committee_deputy","2020-10-23T13:31:12.323008","2020-10-23T13:31:12.323008"
"f4112442-bdc8-45d2-be3c-12efae72fb27","on","provincial","Confirmed positive cases of COVID-19 in Ontario","dataset","federated","2020-11-27T00:10:43.418396","2020-11-27T00:10:43.418396"
"cbb4d08c-4e56-4b07-9db6-48335241b88a","on","provincial","Ontario COVID-19 zones","dataset","federated","2021-02-10T19:47:17.242973","2021-02-10T19:47:17.242973"
"30db937b-a1c4-4f86-a01f-2063ffdf637d","phac-aspc","federal","List of Acts and Regulations","info","publication","2020-05-14T18:20:29.746883","2020-05-14T18:20:29.746883"
"42df36df-04a0-43a9-8ad4-fac5e0e22244","on","provincial","Long-Term Care Home COVID-19 Data","dataset","federated","2021-01-27T15:58:33.610111","2021-01-27T15:58:33.610111"
"5472ffc1-88e2-48ca-bc9f-4aa249c1298d","on","provincial","Ontario COVID-19 outbreaks data","dataset","federated","2021-02-10T19:46:22.952287","2021-02-10T19:46:22.952287"
"c4022f0f-6f3d-4e16-bd28-5312333a4bac","on","provincial","COVID-19 testing of inmates in Ontario’s Provincial Correctional Institutions","dataset","federated","2021-01-27T16:23:37.733684","2021-01-27T16:23:37.733684"
"752ce2b7-c15a-4965-a3dc-397bf405e7cc","on","provincial","COVID-19 Vaccine Data in Ontario","dataset","federated","2021-02-10T19:46:35.874900","2021-02-10T19:46:35.874900"
"1115d5fe-dd84-4c69-b5ed-05bf0c0a0ff9","on","provincial","Status of COVID-19 cases in Ontario by Public Health Unit (PHU)","dataset","federated","2021-02-10T19:46:00.114830","2021-02-10T19:46:00.114830"
"ecb75ea0-8b72-4f46-a14a-9bd54841d6ab","on","provincial","Status of COVID-19 cases in Ontario’s Provincial Correctional Institutions","dataset","federated","2021-01-27T16:34:18.586919","2021-01-27T16:34:18.586919"
"751eacdf-10e1-4a47-b41c-048e21a46da2","phac-aspc","federal","CCDR: Volume 46-7/8 -July 2020: Mandatory childhood immunization programs","info","publication","2020-07-06T17:40:44.087234","2020-07-06T17:40:44.087234"
"748a7178-a783-48fb-a81e-5c0c011417cc","phac-aspc","federal","CCDR: Volume 46-11/12- November 2020: Oral Health in Canada","info","publication","2021-01-06T17:30:42.496362","2021-01-06T17:30:42.496362"
"f4f86e54-872d-43f8-8a86-3892fd3cb5e6","on","provincial","Status of COVID-19 cases in Ontario","dataset","federated","2021-01-27T16:35:45.757939","2021-01-27T16:35:45.757939"
"a6191a06-c938-4983-8d16-2e02f1a1827a","dnd-mdn","federal","May 5 – Appearance by the Minister of National Defence","info","parliament_committee","2020-09-03T14:10:22.105970","2020-09-03T14:10:22.105970"
"e724f37f-7a27-4394-91c7-b3685f69f69a","hc-sc","federal","Special Committee on COVID","info","parliament_committee","2020-10-20T17:40:32.375697","2020-10-20T17:40:32.375697"
"5a5efcfe-8f18-4d26-94b4-b56c68b956e2","hc-sc","federal","Special Committee on COVID","info","parliament_committee","2020-10-09T16:21:48.822841","2020-10-09T16:21:48.822841"
"799aa501-5611-4c88-8937-71e58b8daaa7","hc-sc","federal","Special Committee on COVID","info","parliament_committee","2020-10-02T12:41:29.892408","2020-10-02T12:41:29.892408"
"25d62706-d201-4760-9ce5-9ae69783e52c","hc-sc","federal","Special Committee on COVID","info","parliament_committee","2020-09-24T15:51:05.876451","2020-09-24T15:51:05.876451"
"4ea1626f-2fff-471d-b862-0bcc3cf5d743","hc-sc","federal","Special Committee on COVID","info","parliament_committee","2020-09-15T18:20:48.687010","2020-09-15T18:20:48.687010"
"2148dda6-7efd-4876-9279-a9843257fed2","hc-sc","federal","Special Committee on COVID","info","parliament_committee","2020-09-10T14:50:31.383183","2020-09-10T14:50:31.383183"
"9b79cac9-5915-434b-b35d-915aa9f75acb","hc-sc","federal","Special Committee on COVID","info","parliament_committee","2020-09-03T14:10:43.807303","2020-09-03T14:10:43.807303"
"c04ffa59-5115-4533-a2b7-cf60313f0d39","hc-sc","federal","List of Medical Devices - Notification of Shortages","info","publication","2020-05-01T16:51:30.153588","2020-05-01T16:51:30.153588"
"af50a6b1-c510-42a9-b297-de2036d61cc0","phac-aspc","federal","Health Promotion and Chronic Disease Prevention in Canada, Vol 40, No 11/12, November/December 2020","info","publication","2021-01-06T17:31:06.906394","2021-01-06T17:31:06.906394"
"2896423a-da2e-4f7d-9e47-a6968cb8c085","phac-aspc","federal","CCDR: Volume 46-5 -May 2020: Nosocomial infection surveillance","info","publication","2020-06-01T18:00:54.673787","2020-06-01T18:00:54.673787"
"8da73272-8078-4cbd-ae35-1b5c60c57796","on","provincial","Effective reproduction number (Re) for COVID-19 in Ontario","dataset","federated","2021-02-10T19:46:44.040252","2021-02-10T19:46:44.040252"
"a2073e4a-9426-4946-95b5-c560d43c216e","qc","provincial","COVID-19 - Daily portrait of confirmed cases","dataset","federated","2020-12-16T19:20:47.822303","2020-12-16T19:20:47.822303"
"e7fba526-e7d8-4883-9a61-a95f1e8572b2","statcan","federal","Likelihood of various measures being permanently adopted once the pandemic is over, by business characteristics","dataset","primary","2020-11-27T20:26:16.024586","2020-11-27T20:26:16.024586"
"10df5ee9-9696-4bef-bc15-def1cfc20bfa","dnd-mdn","federal","May 27, 2020 – Appearance by the Minister of National Defence","info","parliament_committee","2020-09-15T18:20:44.635919","2020-09-15T18:20:44.635919"
"b1fef838-8784-4338-8ef9-ae7cfd405b41","on","provincial","Schools COVID-19 data","dataset","federated","2021-01-27T16:19:54.699460","2021-01-27T16:19:54.699460"
"ab5f4a2b-7219-4dc7-9e4d-aa4036c5bf36","on","provincial","Ontario COVID-19 testing percent positive by age group","dataset","federated","2021-02-10T19:46:58.857496","2021-02-10T19:46:58.857496"
"a2dfa674-a173-45b3-9964-1e3d2130b40f","on","provincial","Ontario COVID-19 testing metrics by Public Health Unit (PHU)","dataset","federated","2021-02-10T19:46:53.531388","2021-02-10T19:46:53.531388"
"99517f1f-9e4d-4853-98da-47f7cafb4d77","qc","provincial","COVID-19 - Daily portrait of hospitalizations","dataset","federated","2020-11-19T14:55:20.261700","2020-11-19T14:55:20.261700"
"4190afd1-9b1b-4be6-a800-14ad2dbca1ff","hc-sc","federal","Standing Senate Committee on Social Affairs, Science and Technology","info","parliament_committee","2020-10-26T15:40:49.820994","2020-10-26T15:40:49.820994"
"28efc645-eda6-4aab-901d-e3b992701d6c","cfia-acia","federal","Standing Committee on Industry, Science and Technology","info","parliament_committee_deputy","2020-08-25T19:10:55.276927","2020-08-25T19:10:55.276927"
"bb65518f-6462-44d7-ac47-7932d3e52506","hc-sc","federal","Medical device shortages: List of shortages","info","publication","2020-05-01T16:51:33.660361","2020-05-01T16:51:33.660361"
"8c94dcff-1dcb-4cf7-a7fc-1ad57d6e34a1","hc-sc","federal","Committee of the Whole","info","parliament_committee","2020-05-15T18:20:45.021191","2020-05-15T18:20:45.021191"
"98f82346-7701-434a-b11b-2e6da70d0ef9","hc-sc","federal","Access to controlled substances: Frequently asked questions","info","publication","2021-01-06T17:52:21.249668","2021-01-06T17:52:21.249668"
"94906755-1cb9-4c2d-aaa6-bf365f3d4de8","esdc-edsc","federal","Canada Emergency Response Benefit Statistics","dataset","primary","2020-07-10T19:10:53.343079","2020-07-10T19:10:53.343079"
"a20ab853-ed8e-4097-91f5-f4fefcaf11e3","phac-aspc","federal","Council of Chief Medical Officers of Health Communication: Use of Non-Medical Masks (or Facial Coverings) by the Public","info","publication","2020-05-08T18:40:59.012105","2020-05-08T18:40:59.012105"
"8f3a449b-bde5-4631-ada6-8bd94dbc7d15","on","provincial","COVID-19 cases in hospital and ICU, by Ontario Health (OH) region","dataset","federated","2021-02-10T19:46:47.450614","2021-02-10T19:46:47.450614"
"8ba078b2-ca9b-44c1-b5db-9674d85421f9","on","provincial","COVID-19 testing locations","dataset","fgp","2020-11-27T14:44:37.307789","2020-11-27T14:44:37.307789"
"d7863cd1-84ea-4f26-84fe-818952508338","statcan","federal","Percentage of workforce teleworking or working remotely, and percentage of workforce anticipated to continue primarily teleworking or working remotely after the pandemic, by business characteristics","dataset","primary","2020-11-27T20:51:09.368678","2020-11-27T20:51:09.368678"
"9909c57f-b84e-4cc9-9255-3d526f60ef4d","statcan","federal","Percentage of workforce teleworking or working remotely, and percentage of workforce expected to continue teleworking or working remotely after the pandemic, by business characteristics","dataset","primary","2020-07-14T12:38:50.229467","2020-07-14T12:38:50.229467"
"e983192b-cbcf-494e-9035-d007b9a44348","hc-sc","federal","Joint Statement on Clinical Trial Oversight in Canada","info","publication","2020-11-04T15:00:22.617065","2020-11-04T15:00:22.617065"
"79ce70ce-4dc8-4482-af1b-0ad10755c7cb","hc-sc","federal","Joint Statement on Clinical Trial Oversight in Canada","info","publication","2020-10-02T18:11:26.828421","2020-10-02T18:11:26.828421"
"430489b3-dc23-498b-80a6-9cb0500d4e8d","nrc-cnrc","federal","National Research Council Canada Annual Reports","info","parliament_report","2019-03-21T15:41:06.770995","2019-03-21T15:41:06.770995"
"da2d0b49-ce59-49d2-afc3-bdf350f60dec","phac-aspc","federal","Download COVID Alert today","info","publication","2020-10-02T12:31:14.707893","2020-10-02T12:31:14.707893"
"bf417a22-dec9-45c2-82bd-0e03d841ca62","statcan","federal","Monthly adjusted consumer expenditure basket weights","dataset","primary","2020-10-08T12:39:03.969633","2020-10-08T12:39:03.969633"
"32d2fc31-1abb-4b02-80a4-9c0e64acb919","statcan","federal","Monthly adjusted price index, provisional","dataset","primary","2020-10-08T12:39:00.211558","2020-10-08T12:39:00.211558"
"fb19b5d7-7940-46ef-b5ef-1cad28f6603f","hc-sc","federal","Subsection 56(1) class exemption for patients, practitioners and pharmacists prescribing and providing controlled substances in Canada during the coronavirus pandemic","info","publication","2021-01-06T17:52:18.774121","2021-01-06T17:52:18.774121"
"591b96de-a24e-470b-9810-5c7e33f621d9","hc-sc","federal","Relevant exemptions to the Controlled Drugs and Substances Act","info","publication","2021-01-06T17:52:10.834506","2021-01-06T17:52:10.834506"
"41a8f0a7-b702-4008-ae5f-8982e74e0041","statcan","federal","Change in expenditures to various business areas, by business characteristics","dataset","primary","2020-04-29T12:40:24.707662","2020-04-29T12:40:24.707662"
"9b110033-5d41-4a9d-8965-6d30f21720c1","statcan","federal","Likelihood of various protective measures being implemented once transitioned to on-site work, by business characteristics","dataset","primary","2020-07-14T12:39:19.945192","2020-07-14T12:39:19.945192"
"86a90d9d-e212-4ead-b628-01fe9d34660d","dnd-mdn","federal","June 4 – Appearance by the Minister of National Defence","info","parliament_committee","2020-10-02T12:41:10.974250","2020-10-02T12:41:10.974250"
"053ec8c5-5cb0-4df8-8037-5997d9c4e3dd","fin","federal","Economic and Fiscal Snapshot 2020","dataset","primary","2020-07-30T18:01:25.064279","2020-07-30T18:01:25.064279"
"926318de-0580-4fe1-a546-8e9ff145ae14","hc-sc","federal","Regulatory considerations on the classification of non-medical masks or face coverings: Notice to industry ","info","publication","2020-08-28T13:01:05.642215","2020-08-28T13:01:05.642215"
"c55ff7a4-2063-49f1-bfd1-f4156361aed0","hc-sc","federal","Collaboration with the Public Health Agency of Canada’s National Microbiology Lab","info","publication","2020-08-28T13:01:00.069245","2020-08-28T13:01:00.069245"
"4c6ece00-44ed-4eaa-9567-6592a2c64692","phac-aspc","federal","Non-medical masks and face coverings","info","publication","2020-06-26T17:50:48.191252","2020-06-26T17:50:48.191252"
"3b84083a-27f2-4f71-8c32-97d671037886","hc-sc","federal","Medical device shortages: Report a shortage","info","publication","2020-05-01T16:51:36.877192","2020-05-01T16:51:36.877192"
"f9ed459e-9f69-4ba3-9550-ac5dcc4fa1c9","hc-sc","federal","Health Canada’s decision on technical-grade ethanol for the manufacture of hand sanitizers: Notice to industry","info","publication","2020-04-28T12:50:45.573791","2020-04-28T12:50:45.573791"
"036d5de5-2ba0-4aec-8f9e-9bdc63c589a2","qc","municipal","Business requests under COVID-19","dataset","federated","2020-11-19T14:12:43.669842","2020-11-19T14:12:43.669842"
"bdfd05ed-02bc-437f-9598-b6782dc27b22","cihr-irsc","federal","Senate Standing Committee on Social Affairs, Science and Technology (SOCI)","info","parliament_committee","2021-02-23T20:20:38.308357","2021-02-23T20:20:38.308357"
"5bf54477-6147-413f-bab0-312f06fcb388","on","provincial","Licensed child care settings COVID-19 data","dataset","federated","2021-01-27T16:04:00.944577","2021-01-27T16:04:00.944577"
"a8df9b73-d835-4c5a-9536-bcb0e9d446e7","phac-aspc","federal","CCDR: Volume 46-10-October 2020: Laboratory Biosafety","info","publication","2020-11-04T20:31:11.574668","2020-11-04T20:31:11.574668"
"06058968-c787-43d9-bf06-96b1f7467a81","qc","municipal","Sanitary corridors","dataset","fgp","2020-11-20T04:23:30.280848","2020-11-20T04:23:30.280848"
"8069f29c-8b64-4632-8628-dae28e18fdc6","qc","municipal","Sanitary corridors","dataset","fgp","2020-09-14T16:20:45.220658","2020-09-14T16:20:45.220658"
"3427c9e6-eda2-459a-bf19-6b31037e25eb","phac-aspc","federal","CCDR: Volume 46-4 -April 2020: Respiratory syncytial virus (RSV)","info","publication","2020-04-06T19:00:37.239412","2020-04-06T19:00:37.239412"
"06a61019-62c1-48d8-8d4d-2267ae0f1144","on","provincial","COVID Alert Impact Data","dataset","federated","2021-02-10T19:45:55.025098","2021-02-10T19:45:55.025098"
"92516710-bdc9-404b-b4b5-b8472a1e8803","qc","municipal","Indicators of the state of the city center","dataset","federated","2020-11-19T14:53:02.844475","2020-11-19T14:53:02.844475"
"ae5b5e25-9a13-4ff4-9cd7-d6b0f0703ef6","statcan","federal","Current or planned actions or measures in place for parents employed by the business or organization, by business characteristics","dataset","primary","2020-11-27T20:51:01.893039","2020-11-27T20:51:01.893039"
"02a8916c-820d-4ce1-9cb6-ba17066d281f","statcan","federal","Business or organization revenue from August 2020 compared with August 2019, by business characteristics","dataset","primary","2020-11-27T20:42:24.629586","2020-11-27T20:42:24.629586"
"21ec2fdf-ccc6-4c03-a826-e3f617337819","statcan","federal","Business or organization expenses from August 2020 compared with August 2019, by business characteristics","dataset","primary","2020-11-27T20:42:22.127508","2020-11-27T20:42:22.127508"
"7589c9f2-25cf-48b6-97e9-ac63b1010ef1","dnd-mdn","federal","June 10 – Appearance by the Minister of National Defence","info","parliament_committee","2020-10-07T19:52:06.803674","2020-10-07T19:52:06.803674"
"f1c2c81f-a10c-4e60-8b86-b7424e49d74d","dnd-mdn","federal","June 9 – Appearance by the Minister of National Defence","info","parliament_committee","2020-10-06T20:25:44.600153","2020-10-06T20:25:44.600153"
"a6b1f75b-9ee2-441e-9133-7c8ae3d8fa41","hc-sc","federal","Regulatory considerations for importing or selling face shields: Notice to industry ","info","publication","2020-11-04T15:00:37.590029","2020-11-04T15:00:37.590029"
"a7a3ba0b-000d-436c-aa07-26658a52cf03","hc-sc","federal","Regulatory considerations for importing or selling face shields: Notice to industry ","info","publication","2020-10-02T17:21:34.616520","2020-10-02T17:21:34.616520"
"2a4d4bc1-7d5d-4d88-9ffa-61ebc9dbedc6","jus","federal","Service on the Crown: temporary e-service measures in place for the public or legal representatives ","info","publication","2020-05-01T20:11:31.887648","2020-05-01T20:11:31.887648"
"1ee14ee7-c68e-4735-83be-b2686a632dbe","qc","municipal","I inform traders","dataset","federated","2021-02-01T16:52:12.671847","2021-02-01T16:52:12.671847"
"72818aaf-97eb-42da-8bcd-89b1150860d5","cra-arc","federal","Detailed data about CRSB applications","dataset","primary","2021-01-22T18:00:41.900225","2021-01-22T18:00:41.900225"
"fa84faeb-37ef-47b2-bd4f-e24527a27489","phac-aspc","federal","Resources to keep children safe online","info","publication","2020-10-22T20:22:04.582876","2020-10-22T20:22:04.582876"
"d689eb97-7bce-44a2-a422-8adc9f294ca6","hc-sc","federal","APPEARANCE OF THE MINISTER OF HEALTH ","info","parliament_committee","2020-08-19T15:50:27.361355","2020-08-19T15:50:27.361355"
"25a7a9c4-21a5-4dbc-87ed-51d3ca30cd16","hc-sc","federal","Filing a drug or device marketing complaint","info","publication","2020-05-01T16:50:57.397498","2020-05-01T16:50:57.397498"
"a96d2167-4fba-48ad-ae6a-836db81c19ab","phac-aspc","federal","About non-medical masks and face coverings","info","publication","2020-04-28T12:50:56.306057","2020-04-28T12:50:56.306057"
"767bb57b-1c6f-416c-9fa0-c8ff62f44476","dnd-mdn","federal","July 22 – Appearance by the Minister of National Defence","info","parliament_committee","2020-11-19T18:31:24.147807","2020-11-19T18:31:24.147807"
"5e8f65bf-12df-40de-964e-194a66ca3f26","dnd-mdn","federal","June 15 – Appearance by the Minister of National Defence","info","parliament_committee","2020-10-09T18:01:45.601314","2020-10-09T18:01:45.601314"
"a03ba29a-7a12-49a9-8485-be9ba78bcffb","phac-aspc","federal","CCDR: Volume 46-9-September 2020: Force Health Protection","info","publication","2020-10-07T19:52:23.662308","2020-10-07T19:52:23.662308"
"f2d3a3ca-a15e-407c-aa12-a999bfdf5989","qc","municipal","Safe Active Pathway Attendance (VAS)","dataset","federated","2020-11-19T15:20:02.119654","2020-11-19T15:20:02.119654"
"850f8100-c3a5-4ebb-b306-53e52c42789e","csec-cstc","federal","Joint Cybersecurity Advisory: Technical Approaches to Uncovering and Remediating Malicious Activity","info","publication","2021-01-13T18:11:33.171599","2021-01-13T18:11:33.171599"
"1747f746-d47a-40a7-9b36-d4b748b3cec1","statcan","federal","Extent to which use of various methods to provide goods or services to customers or users is expected to change over the next three months, by business characteristics","dataset","primary","2020-11-27T20:51:12.110094","2020-11-27T20:51:12.110094"
"5f4938d9-6343-4550-a3b4-3670ccf88257","cra-arc","federal","Detailed data about CRCB applications","dataset","primary","2021-01-22T17:50:37.265566","2021-01-22T17:50:37.265566"
"4a641926-942a-4045-9938-6294e8e0473a","statcan","federal","International travellers entering or returning to Canada, by province of entry, seasonally adjusted","dataset","primary","2018-06-27T15:22:28.124452","2018-06-27T15:22:28.124452"
"653f8ee0-cc99-4c9a-92ee-5aea6d48b861","statcan","federal","Retail trade sales by province and territory","dataset","primary","2018-06-27T15:37:10.923994","2018-06-27T15:37:10.923994"
"7a799215-9895-4eb3-b2d2-08faddb59886","tbs-sct","federal","Results of the ATIP Request Capacity Questionnaire","dataset","primary","2021-01-15T14:12:42.269283","2021-01-15T14:12:42.269283"
"625c0d81-2eee-40cf-b402-17a26f3fb2e1","statcan","federal","Gross domestic product (GDP) at basic prices, by industry, monthly","dataset","primary","2018-06-27T15:48:06.686793","2018-06-27T15:48:06.686793"
"06618a7a-9190-476d-bbfb-2ca59f3cdd88","statcan","federal","Railway carloadings statistics, by total tonnage transported, monthly","dataset","primary","2018-06-27T16:02:41.367297","2018-06-27T16:02:41.367297"
"2d3c5c5f-bf5a-4a4e-97e2-709252b37eea","pwgsc-tpsgc","federal","Committees of the Whole","info","parliament_report","2020-11-06T14:51:27.762415","2020-11-06T14:51:27.762415"
"8d240a32-08df-4e7d-a53c-508c397f1f3a","statcan","federal","Deferral of rent payments owed by businesses, by business characteristics","dataset","primary","2020-04-29T12:39:39.928671","2020-04-29T12:39:39.928671"
"cd30e3e7-0172-4d24-b500-f9db93de6b3a","pwgsc-tpsgc","federal","Standing Committee on Indigenous and Northern Affairs","info","parliament_report","2020-11-23T19:20:50.354151","2020-11-23T19:20:50.354151"
"31c82726-f63b-46df-b36d-81bc6e125c46","dfatd-maecd","federal","Canada's State of Trade 2020","info","publication","2020-10-21T13:11:07.341259","2020-10-21T13:11:07.341259"
"ed70a7b7-145e-43c6-9340-849ac4174268","pwgsc-tpsgc","federal","Standing Committee on Health ","info","parliament_committee","2020-08-13T19:00:25.919157","2020-08-13T19:00:25.919157"
"442f259b-ca9f-46c5-9678-ac5396a40721","phac-aspc","federal","Download COVID Alert today","info","publication","2020-08-05T17:20:45.768501","2020-08-05T17:20:45.768501"
"dee98289-986e-4373-8c35-79e51de6358a","hc-sc","federal","For an appearance before the House of Commons Standing Committee on Health  March 31, 2020","info","parliament_committee_deputy","2020-07-29T13:01:34.580789","2020-07-29T13:01:34.580789"
"a0d55711-ca4f-43dc-a448-4cb3d9ea7a05","phac-aspc","federal","CCDR: Volume 46-6 -June 2020: Artificial intelligence in public health","info","publication","2020-06-05T18:00:53.502956","2020-06-05T18:00:53.502956"
"62f5e666-c8fa-412e-8607-944cbfe89b83","jus","federal","Charter Statement: An Act to amend the Financial Administrative Act (special warrant) (C-12) ","info","publication","2020-04-02T17:30:46.457011","2020-04-02T17:30:46.457011"
"153df6d8-0024-4f29-acb1-b0c960013fe7","statcan","federal","Number and percentage of adults (aged 18 years and older) in the household population with at least one underlying health condition, by sex and other characteristics (two-year period)","dataset","primary","2020-07-03T12:40:00.543461","2020-07-03T12:40:00.543461"
"5e742add-ee73-4780-90a2-a0f45eb27ded","statcan","federal","Number and percentage of adults (aged 18 years and older) in the household population with underlying health conditions, by age and sex (two-year period)","dataset","primary","2020-07-03T12:39:57.356858","2020-07-03T12:39:57.356858"
"2b0c5ebe-c4a6-4a1d-9b4b-c850f9b5c3c4","statcan","federal","Consumer Price Index, monthly, not seasonally adjusted","dataset","primary","2018-06-27T17:25:29.760781","2018-06-27T17:25:29.760781"
"6998e865-7a74-4352-a488-adc8b1f0f8d8","statcan","federal","Personal protective equipment demand and supply","dataset","primary","2020-08-14T12:39:20.768424","2020-08-14T12:39:20.768424"
"223517c9-3759-45ce-bd83-c2e39ca8ffed","statcan","federal","Actual hours worked at main job by industry, monthly, seasonally adjusted, last 5 months","dataset","primary","2018-06-27T15:45:32.728831","2018-06-27T15:45:32.728831"
"c0b6ca34-8a05-47f4-b3ca-623c695d202f","statcan","federal","International merchandise trade by commodity, monthly","dataset","primary","2018-11-21T13:41:26.360707","2018-11-21T13:41:26.360707"
"8cb18ba1-e801-4e2d-8928-c838382ad787","statcan","federal","Domestic and international Itinerant movements, by type of operation, airports with NAV CANADA towers, monthly","dataset","primary","2018-06-27T15:18:41.366118","2018-06-27T15:18:41.366118"
"172b504b-7a1c-4d67-939e-68b79ec3e6d7","hc-sc","federal","Technical requirements for UV decontamination devices: Notice to manufacturers","info","publication","2021-01-06T17:52:02.814185","2021-01-06T17:52:02.814185"
"cdba28b2-3c25-4cbe-b75e-84a416a0306d","statcan","federal","Business revenue from January 1 to March 31, 2019, compared with January 1 to March 31, 2020, by business characteristics","dataset","primary","2020-04-29T12:40:46.723482","2020-04-29T12:40:46.723482"
"f5b8feb7-3dd9-4a29-9cde-a551daccd680","statcan","federal","Impact of social distancing measures on businesses, by business characteristics","dataset","primary","2020-04-29T12:40:43.507256","2020-04-29T12:40:43.507256"
"16182e17-2ff9-4b5d-a66d-54acbbcf4374","statcan","federal","Business practices tested or used while social distancing measures were in place, by business characteristics","dataset","primary","2020-04-29T12:40:21.790585","2020-04-29T12:40:21.790585"
"f40476a7-af10-4e8f-a5da-81186be48e7b","statcan","federal","Personal protective equipment or supply needs, by business characteristics","dataset","primary","2020-07-14T12:39:39.945798","2020-07-14T12:39:39.945798"
"9526e2f0-06b9-42cf-a10f-907d6c077a93","statcan","federal","New products businesses have begun manufacturing, by business characteristics","dataset","primary","2020-07-14T12:39:37.326189","2020-07-14T12:39:37.326189"
"55ab4f0a-9ce0-4742-8999-61642acbd0c1","statcan","federal","Level of difficulty expected in procuring personal protective equipment or supplies, by business characteristics","dataset","primary","2020-11-27T20:42:06.588991","2020-11-27T20:42:06.588991"
"832d969a-22db-41a0-a7ad-03b2f40b8ab2","statcan","federal","Business expectations of number of employees over the next three months, by business characteristics","dataset","primary","2020-07-14T12:39:22.809903","2020-07-14T12:39:22.809903"
"c37617fb-8617-45d7-bf11-bd6adc1b3ed2","statcan","federal","Difficulty procuring personal protective equipment or supplies, by business characteristics","dataset","primary","2020-07-14T12:39:07.794064","2020-07-14T12:39:07.794064"
"0eb8bb4f-4a0e-4875-a600-a9130b11eb78","statcan","federal","Sources of personal protective equipment or supplies, by business characteristics","dataset","primary","2020-07-14T12:39:04.770704","2020-07-14T12:39:04.770704"
"1c9b76e4-4881-4e0b-b34e-eec79f1391f1","statcan","federal","Length of time businesses require before being able to return to normal operations once social distancing measures are removed, by business characteristics","dataset","primary","2020-04-29T12:39:56.572029","2020-04-29T12:39:56.572029"
"9684ae1f-c5d9-4329-8c8a-10c4ef33c39d","statcan","federal","Extent to which businesses expect to face various challenges with regards to recruitment and training, by business characteristics","dataset","primary","2020-04-29T12:39:53.443550","2020-04-29T12:39:53.443550"
"cc561b0b-1937-4aec-a307-2161fd2cd005","statcan","federal","Occupational groups most needed in recovery period, by business characeristics","dataset","primary","2020-04-29T12:39:50.114999","2020-04-29T12:39:50.114999"
"815e4145-dc1f-4a37-9aa4-894837967606","statcan","federal","New products businesses have begun manufacturing in response to requests from government, by business characteristics","dataset","primary","2020-04-29T12:39:36.722833","2020-04-29T12:39:36.722833"
"6eeb2a1d-a97c-42bb-ade7-3701af7bd25d","statcan","federal","Cyber security incidents in May 2020 compared to February 2020, by business characteristics","dataset","primary","2020-07-14T12:38:47.444449","2020-07-14T12:38:47.444449"
"1ad83721-3a65-4083-bf44-f55b2cb3f852","statcan","federal","Deferral of rent or mortgage payments owed by businesses, by business characteristics","dataset","primary","2020-07-14T12:38:42.238059","2020-07-14T12:38:42.238059"
"f1618c93-7e0d-4193-9036-b70dc1169d7b","statcan","federal","Reasons why difficulty is expected in procuring personal protective equipment or supplies, by business characteristic","dataset","primary","2020-11-27T20:26:13.324917","2020-11-27T20:26:13.324917"
"e185cdc7-9b8b-4d0d-b26a-6aacf68e0509","dfatd-maecd","federal","Repatriation of Canadian citizens and permanent residents due to corona virus on assisted departures and facilitated flights","dataset","primary","2020-08-11T14:00:56.091472","2020-08-11T14:00:56.091472"
"76b3c1f5-c0f6-4bb0-9827-e2e89f61ce96","hc-sc","federal","Reprocessing of N95 Respirators for Healthcare Professionals - Notice","info","publication","2020-05-07T18:40:48.353395","2020-05-07T18:40:48.353395"
"ad99e7db-dcff-4579-90ce-7788ad765f9a","hc-sc","federal","Medical device shortages: Overview","info","publication","2020-05-01T16:51:26.831742","2020-05-01T16:51:26.831742"
"786e4604-6197-45ed-93df-293f5159cea8","hc-sc","federal","List of Medical Devices for Exceptional Importation and Sale","info","publication","2020-05-01T16:51:23.193704","2020-05-01T16:51:23.193704"
"960c4913-2cf9-4530-bf51-55f4aaff4b7b","esdc-edsc","federal","Statistics on the beneficiaries of the One-time payment for seniors","dataset","primary","2020-12-16T13:50:52.093992","2020-12-16T13:50:52.093992"
"8787759e-964a-4be5-9b12-4fa856aec861","phac-aspc","federal","Health Promotion and Chronic Disease Prevention in Canada, Vol 41, No 1, January 2021","info","publication","2021-01-29T17:20:52.939198","2021-01-29T17:20:52.939198"
"9ae4eb3f-8b65-47f5-98be-57f536db9ac7","on","provincial","Ontario Guaranteed Annual Income System benefit rates","dataset","federated","2021-01-27T16:16:02.744606","2021-01-27T16:16:02.744606"
"a2093d3a-7597-456a-bacf-c6a7f319ddcb","statcan","federal","Proximity measures database","dataset","fgp","2020-11-02T17:47:11.993470","2020-11-02T17:47:11.993470"
"604fb092-ec49-4d3d-bcf7-07788f87393d","phac-aspc","federal","Health Promotion and Chronic Disease Prevention in Canada, Vol 40, No 7/8, July/August 2020","info","publication","2020-07-23T15:20:49.237710","2020-07-23T15:20:49.237710"
"b1585ce0-765a-4ab9-ac82-e8255c3b6c7b","cra-arc","federal","Detailed data about CRB applications","dataset","primary","2021-01-22T18:00:37.402639","2021-01-22T18:00:37.402639"
"f756ca8a-5a45-4bc3-b2c9-ca6612116d9b","aandc-aadnc","federal","First Annual (2020) Statutory Report Pursuant to Section 10 of the Department of Crown-Indigenous Relations and Northern Affairs Act, Statutes of Canada, Chapter 29, 2019","info","parliament_report","2020-12-24T16:43:28.450255","2020-12-24T16:43:28.450255"
"dd09b357-79b1-444b-8503-37b7eb244a1e","cra-arc","federal","Applications to date - Canada Emergency Student Benefit (CESB)","dataset","primary","2020-09-02T20:10:51.355037","2020-09-02T20:10:51.355037"
"2e6f30d9-857d-4364-8611-5625b59562be","statcan","federal","Manufacturers' sales, inventories, orders and inventory to sales ratios, by industry (dollars unless otherwise noted)","dataset","primary","2018-06-27T15:02:52.923048","2018-06-27T15:02:52.923048"
"74437c3f-7507-4218-9e27-347746f3004c","statcan","federal","Personal protective equipment business needs","dataset","primary","2020-08-14T12:39:24.214336","2020-08-14T12:39:24.214336"
"29101a9a-4cf3-4983-8930-e13442f0d953","pwgsc-tpsgc","federal","Standing Committee on Government Operations and Estimates","info","parliament_committee","2020-08-24T13:00:38.066009","2020-08-24T13:00:38.066009"
"c19c10f1-8c68-4f16-a1d5-530cc75d0d04","statcan","federal","Length of time businesses expect to be able to continue to operate without a source of revenue as of February 1, 2020, by business characteristics","dataset","primary","2020-04-29T12:40:49.538124","2020-04-29T12:40:49.538124"
"9b53f063-61b2-4f59-8792-19be0ecdf609","statcan","federal","Length of time businesses expect being able to remain fully or partially operational while social distancing measures are in place, by business characteristics","dataset","primary","2020-04-29T12:40:30.553951","2020-04-29T12:40:30.553951"
"45a7e396-2504-4d05-bb42-abf569ec5cbe","statcan","federal","Length of time businesses expect to continue to operate at current revenue and expenditures before having to consider further staffing actions, closure or bankruptcy, by business characteristics","dataset","primary","2020-07-14T12:39:16.938691","2020-07-14T12:39:16.938691"
"af91377b-02b8-4781-86c0-87aa7b48c9c6","statcan","federal","Extent to which businesses are expecting to face various challenges with regards to recruitment and training, by business characteristics","dataset","primary","2020-07-14T12:39:13.481941","2020-07-14T12:39:13.481941"
"d3287c31-789f-40cc-960f-7b9b25a4d1a0","statcan","federal","Percentage of workforce hired back after business was approved for the Canadian Emergency Wage Subsidy, by business characteristics","dataset","primary","2020-07-14T12:38:39.263752","2020-07-14T12:38:39.263752"
"12d06aa0-ac2a-4c3f-a57f-46b4c9079eb7","on","provincial","Tax interest rates","dataset","federated","2021-01-27T15:47:58.730788","2021-01-27T15:47:58.730788"
"6d080ad9-3823-4bfd-8c61-32594f11bc83","qc","municipal","Summer cultural programming for the year 2020","dataset","fgp","2020-11-20T04:55:48.394116","2020-11-20T04:55:48.394116"
"8889ef01-29ee-476a-980b-cd7ab06c98e9","qc","municipal","Summer Cultural Programming 2020","dataset","fgp","2020-09-14T16:22:39.059261","2020-09-14T16:22:39.059261"
"7a89cceb-7f2f-4133-a5ad-b3f773a82472","dfatd-maecd","federal","Canada's State of Trade 2020 Datasets","dataset","primary","2020-10-22T17:50:42.001648","2020-10-22T17:50:42.001648"
"7ee18486-b079-41b1-997b-fdeb416b541a","phac-aspc","federal","Personal protective equipment and medical supplies","info","publication","2020-07-07T17:01:43.378412","2020-07-07T17:01:43.378412"
"59499df9-4401-4d18-bf78-4ccd8ebf5057","jus","federal","Charter Statement - Bill C-15: An Act respecting Canada emergency student benefits (coronavirus disease 2019) ","info","publication","2020-05-04T15:50:36.018099","2020-05-04T15:50:36.018099"
"5e976319-9769-4f77-aab9-d170e0131efe","on","provincial","Energy use and greenhouse gas emissions for the Broader Public Sector","dataset","federated","2021-01-27T16:04:51.103994","2021-01-27T16:04:51.103994"
"25a4251f-452f-4196-bb9c-f215571c25f0","jus","federal","Charter Statement - Bill C-9: An Act to amend the Income Tax Act (Canada Emergency Rent Subsidy and Canada Emergency Wage Subsidy) ","info","publication","2020-11-12T14:10:19.515166","2020-11-12T14:10:19.515166"
"a7f9d923-b084-42de-97cd-ac00a3edd7af","hc-sc","federal","Appearance of the Deputy Minister of Health before the Standing Committee on Health on Coronavirus","info","parliament_committee_deputy","2020-05-28T18:10:50.575655","2020-05-28T18:10:50.575655"
"b1a11728-df1d-4774-8221-f84581c8a882","phac-aspc","federal","SARS-CoV-2 (Severe acute respiratory syndrome-related coronavirus 2)","info","publication","2020-05-08T18:50:40.847375","2020-05-08T18:50:40.847375"
"628bc31c-8f34-4a88-a754-69c7cb3e5f6b","hc-sc","federal","President of the PHAC before the Standing Committee on Health: Canadian response to the Novel Coronavirus (January 29, 2020) ","info","transition_deputy","2020-05-28T18:10:58.909375","2020-05-28T18:10:58.909375"
"a929c8ff-6efe-4b48-973b-1e7d05ac2c1e","hc-sc","federal","Subsection 56(1) class exemption for patients, practitioners and pharmacists prescribing and providing controlled substances in Canada during the coronavirus pandemic","info","publication","2020-05-07T18:41:02.171413","2020-05-07T18:41:02.171413"
"da930c00-8329-4e0e-a69d-5a07a1a77abd","hc-sc","federal","Standing Committee on Health","info","parliament_committee_deputy","2020-05-28T18:10:55.024819","2020-05-28T18:10:55.024819"
"e80c9ee5-4907-40ee-aca6-77f40828d609","hc-sc","federal","Standing Committee on Health","info","parliament_committee_deputy","2020-05-28T18:40:51.126131","2020-05-28T18:40:51.126131"
"3bc27326-51f3-489e-aa0f-aa3166b37ed1","phac-aspc","federal","CCDR: Volume 46–2/3 -  Feb/Mar 2020: Public Health Network ","info","publication","2020-02-06T20:11:10.098831","2020-02-06T20:11:10.098831"
"adc188c0-7f2a-40da-9d60-a152f7acc2c2","dfatd-maecd","federal","Country Travel Advice and Advisories","info","publication","2020-04-02T13:50:40.539961","2020-04-02T13:50:40.539961"
"4f6d0489-adea-43ed-a19f-62355d1e9d66","dfatd-maecd","federal","Total daily global percent increase in number of Canadian abroad registrants","dataset","primary","2020-06-04T12:10:46.065633","2020-06-04T12:10:46.065633"
"219daf65-7336-4dc8-8fd4-360bcad9ffeb","dfatd-maecd","federal","Number of Canadian Abroad Registrants per region and country daily count","dataset","primary","2020-06-04T12:10:39.446583","2020-06-04T12:10:39.446583"
"c06b68a6-0b75-420a-bf2d-05c0d6b874e0","dfatd-maecd","federal","Number of Canadian abroad registrants per region daily percent changes","dataset","primary","2020-06-04T12:10:42.884497","2020-06-04T12:10:42.884497"
"95478ebc-253c-47aa-a956-fdc0beeec84b","phac-aspc","federal","Briefing package for the President of the Public Health Agency of Canada appearance at OGGO on May 22, 2020","info","parliament_committee_deputy","2020-09-18T18:50:52.815693","2020-09-18T18:50:52.815693"
"543fe07a-fd79-40e9-a829-ccd697526765","statcan","federal","Open Database of Healthcare Facilities","dataset","primary","2020-04-20T18:30:44.168249","2020-04-20T18:30:44.168249"
"9b34e712-513f-44e9-babf-9df4f7256550","cic","federal","Operational Processing – Monthly IRCC Updates","dataset","primary","2017-04-12T19:50:37.262116","2017-04-12T19:50:37.262116"
"1b026aab-edb3-4d5d-8231-270a09ed4e82","cic","federal","Transition from Temporary Resident to Permanent Resident Status – Monthly IRCC Updates","dataset","primary","2016-10-17T21:00:18.199531","2016-10-17T21:00:18.199531"
"52e4b14b-597a-4ecf-a184-23a6e69b0d57","cic","federal","Express Entry Permanent Residents – Monthly IRCC Updates","dataset","primary","2017-04-12T19:51:06.187856","2017-04-12T19:51:06.187856"
"f7e5498e-0ad8-4417-85c9-9b8aff9b9eda","cic","federal","Permanent Residents – Monthly IRCC Updates","dataset","primary","2017-04-12T19:50:20.375467","2017-04-12T19:50:20.375467"
"90115b00-f9b8-49e8-afa3-b4cff8facaee","cic","federal","Temporary Residents: Study Permit Holders – Monthly IRCC Updates","dataset","primary","2017-04-12T19:51:14.396873","2017-04-12T19:51:14.396873"
"b6cbcf4d-f763-4924-a2fb-8cc4a06e3de4","cic","federal","Asylum Claimants – Monthly IRCC Updates","dataset","primary","2017-04-12T19:50:09.962404","2017-04-12T19:50:09.962404"
"01c85d28-2a81-4295-9c06-4af792a7c209","cic","federal","Syrian Refugees – Monthly IRCC Updates","dataset","primary","2017-04-12T19:50:46.287703","2017-04-12T19:50:46.287703"
"4a1b260a-7ac4-4985-80a0-603bfe4aec11","cic","federal","Resettled Refugees – Monthly IRCC Updates","dataset","primary","2016-10-13T16:50:14.540289","2016-10-13T16:50:14.540289"
"593e9165-c6ce-4f9b-b519-03d315f92cd4","cic","federal","Express Entry-Invited Candidates – Monthly IRCC Updates","dataset","primary","2016-09-24T14:16:16.216221","2016-09-24T14:16:16.216221"
"360024f2-17e9-4558-bfc1-3616485d65b9","cic","federal","Temporary Residents: Temporary Foreign Worker Program (TFWP) and International Mobility Program (IMP) Work Permit Holders – Monthly IRCC Updates","dataset","primary","2017-04-12T19:51:32.400808","2017-04-12T19:51:32.400808"
"e82b9141-09d8-4f85-af37-d84937bc2503","qc","municipal","Public transportation","dataset","fgp","2020-09-14T16:55:43.751314","2020-09-14T16:55:43.751314"
